date,fund,yield
2019-12-31,VMFXX,1.55
2019-12-31,VMSXX,1.38
2019-12-31,VUSXX,1.56
2020-01-02,VMFXX,1.55
2020-01-02,VMSXX,1.41
2020-01-02,VUSXX,1.55
2020-01-03,VMFXX,1.55
2020-01-03,VMSXX,1.40
2020-01-03,VUSXX,1.55
2020-01-06,VMFXX,1.55
2020-01-06,VMSXX,1.33
2020-01-06,VUSXX,1.55
2020-01-07,VMFXX,1.55
2020-01-07,VMSXX,1.29
2020-01-07,VUSXX,1.54
2020-01-08,VMFXX,1.54
2020-01-08,VMSXX,1.25
2020-01-08,VUSXX,1.54
2020-01-09,VMFXX,1.54
2020-01-09,VMSXX,1.25
2020-01-09,VUSXX,1.54
2020-01-10,VMFXX,1.54
2020-01-10,VMSXX,1.13
2020-01-10,VUSXX,1.54
2020-01-13,VMFXX,1.54
2020-01-13,VMSXX,0.98
2020-01-13,VUSXX,1.53
2020-01-14,VMFXX,1.54
2020-01-14,VMSXX,0.94
2020-01-14,VUSXX,1.53
2020-01-15,VMFXX,1.54
2020-01-15,VMSXX,0.91
2020-01-15,VUSXX,1.53
2020-01-16,VMFXX,1.54
2020-01-16,VMSXX,0.89
2020-01-16,VUSXX,1.53
2020-01-17,VMFXX,1.55
2020-01-17,VMSXX,0.88
2020-01-17,VUSXX,1.53
2020-01-21,VMFXX,1.59
2020-01-21,VMSXX,0.82
2020-01-21,VUSXX,1.53
2020-01-22,VMFXX,1.59
2020-01-22,VMSXX,0.81
2020-01-22,VUSXX,1.53
2020-01-23,VMFXX,1.59
2020-01-23,VMSXX,0.81
2020-01-23,VUSXX,1.53
2020-01-24,VMFXX,1.57
2020-01-24,VMSXX,0.82
2020-01-24,VUSXX,1.53
2020-01-27,VMFXX,1.52
2020-01-27,VMSXX,0.83
2020-01-27,VUSXX,1.52
2020-01-28,VMFXX,1.52
2020-01-28,VMSXX,0.83
2020-01-28,VUSXX,1.52
2020-01-29,VMFXX,1.52
2020-01-29,VMSXX,0.83
2020-01-29,VUSXX,1.52
2020-01-30,VMFXX,1.51
2020-01-30,VMSXX,0.85
2020-01-30,VUSXX,1.52
2020-01-31,VMFXX,1.51
2020-01-31,VMSXX,0.86
2020-01-31,VUSXX,1.52
2020-02-03,VMFXX,1.51
2020-02-03,VMSXX,0.90
2020-02-03,VUSXX,1.52
2020-02-04,VMFXX,1.51
2020-02-04,VMSXX,0.91
2020-02-04,VUSXX,1.52
2020-02-05,VMFXX,1.51
2020-02-05,VMSXX,0.93
2020-02-05,VUSXX,1.52
2020-02-06,VMFXX,1.51
2020-02-06,VMSXX,0.93
2020-02-06,VUSXX,1.52
2020-02-07,VMFXX,1.51
2020-02-07,VMSXX,0.94
2020-02-07,VUSXX,1.52
2020-02-10,VMFXX,1.51
2020-02-10,VMSXX,0.96
2020-02-10,VUSXX,1.51
2020-02-11,VMFXX,1.51
2020-02-11,VMSXX,0.97
2020-02-11,VUSXX,1.51
2020-02-12,VMFXX,1.51
2020-02-12,VMSXX,0.97
2020-02-12,VUSXX,1.52
2020-02-13,VMFXX,1.51
2020-02-13,VMSXX,0.98
2020-02-13,VUSXX,1.52
2020-02-14,VMFXX,1.50
2020-02-14,VMSXX,1.00
2020-02-14,VUSXX,1.52
2020-02-18,VMFXX,1.50
2020-02-18,VMSXX,1.04
2020-02-18,VUSXX,1.52
2020-02-19,VMFXX,1.50
2020-02-19,VMSXX,1.05
2020-02-19,VUSXX,1.52
2020-02-20,VMFXX,1.50
2020-02-20,VMSXX,1.06
2020-02-20,VUSXX,1.52
2020-02-21,VMFXX,1.50
2020-02-21,VMSXX,1.06
2020-02-21,VUSXX,1.52
2020-02-24,VMFXX,1.50
2020-02-24,VMSXX,1.08
2020-02-24,VUSXX,1.52
2020-02-25,VMFXX,1.50
2020-02-25,VMSXX,1.09
2020-02-25,VUSXX,1.52
2020-02-26,VMFXX,1.50
2020-02-26,VMSXX,1.09
2020-02-26,VUSXX,1.52
2020-02-27,VMFXX,1.50
2020-02-27,VMSXX,1.09
2020-02-27,VUSXX,1.51
2020-02-28,VMFXX,1.50
2020-02-28,VMSXX,1.09
2020-02-28,VUSXX,1.51
2020-03-02,VMFXX,1.50
2020-03-02,VMSXX,1.08
2020-03-02,VUSXX,1.51
2020-03-03,VMFXX,1.49
2020-03-03,VMSXX,1.07
2020-03-03,VUSXX,1.50
2020-03-04,VMFXX,1.48
2020-03-04,VMSXX,1.07
2020-03-04,VUSXX,1.50
2020-03-05,VMFXX,1.47
2020-03-05,VMSXX,1.08
2020-03-05,VUSXX,1.49
2020-03-06,VMFXX,1.45
2020-03-06,VMSXX,1.08
2020-03-06,VUSXX,1.48
2020-03-09,VMFXX,1.39
2020-03-09,VMSXX,1.10
2020-03-09,VUSXX,1.46
2020-03-10,VMFXX,1.37
2020-03-10,VMSXX,1.11
2020-03-10,VUSXX,1.46
2020-03-11,VMFXX,1.34
2020-03-11,VMSXX,1.12
2020-03-11,VUSXX,1.44
2020-03-12,VMFXX,1.32
2020-03-12,VMSXX,1.12
2020-03-12,VUSXX,1.42
2020-03-13,VMFXX,1.30
2020-03-13,VMSXX,1.12
2020-03-13,VUSXX,1.39
2020-03-16,VMFXX,1.21
2020-03-16,VMSXX,1.14
2020-03-16,VUSXX,1.31
2020-03-17,VMFXX,1.17
2020-03-17,VMSXX,1.16
2020-03-17,VUSXX,1.28
2020-03-18,VMFXX,1.13
2020-03-18,VMSXX,1.26
2020-03-18,VUSXX,1.26
2020-03-19,VMFXX,1.07
2020-03-19,VMSXX,1.68
2020-03-19,VUSXX,1.23
2020-03-20,VMFXX,1.02
2020-03-20,VMSXX,2.10
2020-03-20,VUSXX,1.19
2020-03-23,VMFXX,0.88
2020-03-23,VMSXX,3.37
2020-03-23,VUSXX,1.09
2020-03-24,VMFXX,0.85
2020-03-24,VMSXX,3.77
2020-03-24,VUSXX,1.05
2020-03-25,VMFXX,0.82
2020-03-25,VMSXX,4.05
2020-03-25,VUSXX,1.01
2020-03-26,VMFXX,0.79
2020-03-26,VMSXX,3.93
2020-03-26,VUSXX,0.98
2020-03-27,VMFXX,0.77
2020-03-27,VMSXX,3.79
2020-03-27,VUSXX,0.95
2020-03-30,VMFXX,0.71
2020-03-30,VMSXX,3.35
2020-03-30,VUSXX,0.87
2020-03-31,VMFXX,0.68
2020-03-31,VMSXX,3.20
2020-03-31,VUSXX,0.85
2020-04-01,VMFXX,0.68
2020-04-01,VMSXX,3.04
2020-04-01,VUSXX,0.83
2020-04-02,VMFXX,0.67
2020-04-02,VMSXX,2.78
2020-04-02,VUSXX,0.81
2020-04-03,VMFXX,0.66
2020-04-03,VMSXX,2.53
2020-04-03,VUSXX,0.79
2020-04-06,VMFXX,0.62
2020-04-06,VMSXX,1.79
2020-04-06,VUSXX,0.73
2020-04-07,VMFXX,0.61
2020-04-07,VMSXX,1.56
2020-04-07,VUSXX,0.72
2020-04-08,VMFXX,0.60
2020-04-08,VMSXX,1.35
2020-04-08,VUSXX,0.71
2020-04-09,VMFXX,0.59
2020-04-09,VMSXX,1.25
2020-04-09,VUSXX,0.70
2020-04-13,VMFXX,0.56
2020-04-13,VMSXX,0.89
2020-04-13,VUSXX,0.65
2020-04-14,VMFXX,0.55
2020-04-14,VMSXX,0.80
2020-04-14,VUSXX,0.65
2020-04-15,VMFXX,0.55
2020-04-15,VMSXX,0.72
2020-04-15,VUSXX,0.64
2020-04-16,VMFXX,0.55
2020-04-16,VMSXX,0.69
2020-04-16,VUSXX,0.63
2020-04-17,VMFXX,0.54
2020-04-17,VMSXX,0.65
2020-04-17,VUSXX,0.62
2020-04-20,VMFXX,0.54
2020-04-20,VMSXX,0.53
2020-04-20,VUSXX,0.61
2020-04-21,VMFXX,0.53
2020-04-21,VMSXX,0.50
2020-04-21,VUSXX,0.60
2020-04-22,VMFXX,0.52
2020-04-22,VMSXX,0.47
2020-04-22,VUSXX,0.59
2020-04-23,VMFXX,0.51
2020-04-23,VMSXX,0.45
2020-04-23,VUSXX,0.57
2020-04-24,VMFXX,0.50
2020-04-24,VMSXX,0.44
2020-04-24,VUSXX,0.56
2020-04-27,VMFXX,0.47
2020-04-27,VMSXX,0.40
2020-04-27,VUSXX,0.51
2020-04-28,VMFXX,0.46
2020-04-28,VMSXX,0.39
2020-04-28,VUSXX,0.50
2020-04-29,VMFXX,0.45
2020-04-29,VMSXX,0.39
2020-04-29,VUSXX,0.49
2020-04-30,VMFXX,0.44
2020-04-30,VMSXX,0.39
2020-04-30,VUSXX,0.48
2020-05-01,VMFXX,0.43
2020-05-01,VMSXX,0.40
2020-05-01,VUSXX,0.47
2020-05-04,VMFXX,0.41
2020-05-04,VMSXX,0.40
2020-05-04,VUSXX,0.43
2020-05-05,VMFXX,0.40
2020-05-05,VMSXX,0.40
2020-05-05,VUSXX,0.42
2020-05-06,VMFXX,0.39
2020-05-06,VMSXX,0.40
2020-05-06,VUSXX,0.40
2020-05-07,VMFXX,0.38
2020-05-07,VMSXX,0.39
2020-05-07,VUSXX,0.40
2020-05-08,VMFXX,0.37
2020-05-08,VMSXX,0.38
2020-05-08,VUSXX,0.39
2020-05-11,VMFXX,0.35
2020-05-11,VMSXX,0.36
2020-05-11,VUSXX,0.36
2020-05-12,VMFXX,0.35
2020-05-12,VMSXX,0.36
2020-05-12,VUSXX,0.35
2020-05-13,VMFXX,0.34
2020-05-13,VMSXX,0.35
2020-05-13,VUSXX,0.35
2020-05-14,VMFXX,0.34
2020-05-14,VMSXX,0.34
2020-05-14,VUSXX,0.34
2020-05-15,VMFXX,0.33
2020-05-15,VMSXX,0.34
2020-05-15,VUSXX,0.33
2020-05-18,VMFXX,0.30
2020-05-18,VMSXX,0.32
2020-05-18,VUSXX,0.30
2020-05-19,VMFXX,0.29
2020-05-19,VMSXX,0.32
2020-05-19,VUSXX,0.29
2020-05-20,VMFXX,0.28
2020-05-20,VMSXX,0.31
2020-05-20,VUSXX,0.28
2020-05-21,VMFXX,0.27
2020-05-21,VMSXX,0.31
2020-05-21,VUSXX,0.27
2020-05-22,VMFXX,0.26
2020-05-22,VMSXX,0.31
2020-05-22,VUSXX,0.26
2020-05-26,VMFXX,0.23
2020-05-26,VMSXX,0.29
2020-05-26,VUSXX,0.21
2020-05-27,VMFXX,0.22
2020-05-27,VMSXX,0.29
2020-05-27,VUSXX,0.20
2020-05-28,VMFXX,0.22
2020-05-28,VMSXX,0.29
2020-05-28,VUSXX,0.19
2020-05-29,VMFXX,0.21
2020-05-29,VMSXX,0.29
2020-05-29,VUSXX,0.18
2020-06-01,VMFXX,0.20
2020-06-01,VMSXX,0.28
2020-06-01,VUSXX,0.16
2020-06-02,VMFXX,0.19
2020-06-02,VMSXX,0.28
2020-06-02,VUSXX,0.15
2020-06-03,VMFXX,0.19
2020-06-03,VMSXX,0.27
2020-06-03,VUSXX,0.14
2020-06-04,VMFXX,0.18
2020-06-04,VMSXX,0.27
2020-06-04,VUSXX,0.14
2020-06-05,VMFXX,0.18
2020-06-05,VMSXX,0.26
2020-06-05,VUSXX,0.13
2020-06-08,VMFXX,0.16
2020-06-08,VMSXX,0.24
2020-06-08,VUSXX,0.12
2020-06-09,VMFXX,0.16
2020-06-09,VMSXX,0.24
2020-06-09,VUSXX,0.12
2020-06-10,VMFXX,0.16
2020-06-10,VMSXX,0.24
2020-06-10,VUSXX,0.11
2020-06-11,VMFXX,0.16
2020-06-11,VMSXX,0.24
2020-06-11,VUSXX,0.11
2020-06-12,VMFXX,0.15
2020-06-12,VMSXX,0.24
2020-06-12,VUSXX,0.11
2020-06-15,VMFXX,0.15
2020-06-15,VMSXX,0.23
2020-06-15,VUSXX,0.11
2020-06-16,VMFXX,0.14
2020-06-16,VMSXX,0.23
2020-06-16,VUSXX,0.11
2020-06-17,VMFXX,0.14
2020-06-17,VMSXX,0.23
2020-06-17,VUSXX,0.11
2020-06-18,VMFXX,0.13
2020-06-18,VMSXX,0.22
2020-06-18,VUSXX,0.11
2020-06-19,VMFXX,0.13
2020-06-19,VMSXX,0.22
2020-06-19,VUSXX,0.11
2020-06-22,VMFXX,0.12
2020-06-22,VMSXX,0.21
2020-06-22,VUSXX,0.11
2020-06-23,VMFXX,0.12
2020-06-23,VMSXX,0.21
2020-06-23,VUSXX,0.10
2020-06-24,VMFXX,0.12
2020-06-24,VMSXX,0.20
2020-06-24,VUSXX,0.10
2020-06-25,VMFXX,0.12
2020-06-25,VMSXX,0.20
2020-06-25,VUSXX,0.10
2020-06-26,VMFXX,0.12
2020-06-26,VMSXX,0.20
2020-06-26,VUSXX,0.10
2020-06-29,VMFXX,0.12
2020-06-29,VMSXX,0.19
2020-06-29,VUSXX,0.11
2020-06-30,VMFXX,0.12
2020-06-30,VMSXX,0.19
2020-06-30,VUSXX,0.11
2020-07-01,VMFXX,0.12
2020-07-01,VMSXX,0.19
2020-07-01,VUSXX,0.11
2020-07-02,VMFXX,0.12
2020-07-02,VMSXX,0.18
2020-07-02,VUSXX,0.11
2020-07-06,VMFXX,0.11
2020-07-06,VMSXX,0.15
2020-07-06,VUSXX,0.10
2020-07-07,VMFXX,0.11
2020-07-07,VMSXX,0.15
2020-07-07,VUSXX,0.10
2020-07-08,VMFXX,0.11
2020-07-08,VMSXX,0.14
2020-07-08,VUSXX,0.10
2020-07-09,VMFXX,0.11
2020-07-09,VMSXX,0.14
2020-07-09,VUSXX,0.10
2020-07-10,VMFXX,0.11
2020-07-10,VMSXX,0.15
2020-07-10,VUSXX,0.10
2020-07-13,VMFXX,0.11
2020-07-13,VMSXX,0.16
2020-07-13,VUSXX,0.10
2020-07-14,VMFXX,0.11
2020-07-14,VMSXX,0.16
2020-07-14,VUSXX,0.10
2020-07-15,VMFXX,0.11
2020-07-15,VMSXX,0.17
2020-07-15,VUSXX,0.10
2020-07-16,VMFXX,0.11
2020-07-16,VMSXX,0.18
2020-07-16,VUSXX,0.10
2020-07-17,VMFXX,0.11
2020-07-17,VMSXX,0.19
2020-07-17,VUSXX,0.10
2020-07-20,VMFXX,0.11
2020-07-20,VMSXX,0.22
2020-07-20,VUSXX,0.10
2020-07-21,VMFXX,0.11
2020-07-21,VMSXX,0.23
2020-07-21,VUSXX,0.10
2020-07-22,VMFXX,0.11
2020-07-22,VMSXX,0.24
2020-07-22,VUSXX,0.10
2020-07-23,VMFXX,0.10
2020-07-23,VMSXX,0.23
2020-07-23,VUSXX,0.10
2020-07-24,VMFXX,0.10
2020-07-24,VMSXX,0.23
2020-07-24,VUSXX,0.10
2020-07-27,VMFXX,0.10
2020-07-27,VMSXX,0.21
2020-07-27,VUSXX,0.10
2020-07-28,VMFXX,0.10
2020-07-28,VMSXX,0.20
2020-07-28,VUSXX,0.10
2020-07-29,VMFXX,0.10
2020-07-29,VMSXX,0.20
2020-07-29,VUSXX,0.10
2020-07-30,VMFXX,0.10
2020-07-30,VMSXX,0.20
2020-07-30,VUSXX,0.10
2020-07-31,VMFXX,0.10
2020-07-31,VMSXX,0.20
2020-07-31,VUSXX,0.10
2020-08-03,VMFXX,0.10
2020-08-03,VMSXX,0.19
2020-08-03,VUSXX,0.09
2020-08-04,VMFXX,0.10
2020-08-04,VMSXX,0.19
2020-08-04,VUSXX,0.09
2020-08-05,VMFXX,0.10
2020-08-05,VMSXX,0.19
2020-08-05,VUSXX,0.09
2020-08-06,VMFXX,0.10
2020-08-06,VMSXX,0.18
2020-08-06,VUSXX,0.09
2020-08-07,VMFXX,0.10
2020-08-07,VMSXX,0.16
2020-08-07,VUSXX,0.09
2020-08-10,VMFXX,0.10
2020-08-10,VMSXX,0.15
2020-08-10,VUSXX,0.09
2020-08-11,VMFXX,0.10
2020-08-11,VMSXX,0.14
2020-08-11,VUSXX,0.09
2020-08-12,VMFXX,0.10
2020-08-12,VMSXX,0.13
2020-08-12,VUSXX,0.09
2020-08-13,VMFXX,0.10
2020-08-13,VMSXX,0.13
2020-08-13,VUSXX,0.09
2020-08-14,VMFXX,0.10
2020-08-14,VMSXX,0.13
2020-08-14,VUSXX,0.09
2020-08-17,VMFXX,0.10
2020-08-17,VMSXX,0.12
2020-08-17,VUSXX,0.09
2020-08-18,VMFXX,0.10
2020-08-18,VMSXX,0.12
2020-08-18,VUSXX,0.09
2020-08-19,VMFXX,0.10
2020-08-19,VMSXX,0.12
2020-08-19,VUSXX,0.09
2020-08-20,VMFXX,0.10
2020-08-20,VMSXX,0.12
2020-08-20,VUSXX,0.09
2020-08-21,VMFXX,0.09
2020-08-21,VMSXX,0.12
2020-08-21,VUSXX,0.09
2020-08-24,VMFXX,0.09
2020-08-24,VMSXX,0.12
2020-08-24,VUSXX,0.08
2020-08-25,VMFXX,0.08
2020-08-25,VMSXX,0.12
2020-08-25,VUSXX,0.08
2020-08-26,VMFXX,0.08
2020-08-26,VMSXX,0.11
2020-08-26,VUSXX,0.08
2020-08-27,VMFXX,0.08
2020-08-27,VMSXX,0.10
2020-08-27,VUSXX,0.08
2020-08-28,VMFXX,0.08
2020-08-28,VMSXX,0.08
2020-08-28,VUSXX,0.08
2020-08-31,VMFXX,0.08
2020-08-31,VMSXX,0.07
2020-08-31,VUSXX,0.08
2020-09-01,VMFXX,0.08
2020-09-01,VMSXX,0.06
2020-09-01,VUSXX,0.08
2020-09-02,VMFXX,0.08
2020-09-02,VMSXX,0.05
2020-09-02,VUSXX,0.08
2020-09-03,VMFXX,0.08
2020-09-03,VMSXX,0.05
2020-09-03,VUSXX,0.08
2020-09-04,VMFXX,0.08
2020-09-04,VMSXX,0.04
2020-09-04,VUSXX,0.08
2020-09-08,VMFXX,0.08
2020-09-08,VMSXX,0.04
2020-09-08,VUSXX,0.08
2020-09-09,VMFXX,0.08
2020-09-09,VMSXX,0.04
2020-09-09,VUSXX,0.08
2020-09-10,VMFXX,0.08
2020-09-10,VMSXX,0.04
2020-09-10,VUSXX,0.08
2020-09-11,VMFXX,0.07
2020-09-11,VMSXX,0.04
2020-09-11,VUSXX,0.07
2020-09-14,VMFXX,0.07
2020-09-14,VMSXX,0.05
2020-09-14,VUSXX,0.07
2020-09-15,VMFXX,0.07
2020-09-15,VMSXX,0.05
2020-09-15,VUSXX,0.07
2020-09-16,VMFXX,0.07
2020-09-16,VMSXX,0.05
2020-09-16,VUSXX,0.07
2020-09-17,VMFXX,0.07
2020-09-17,VMSXX,0.05
2020-09-17,VUSXX,0.07
2020-09-18,VMFXX,0.06
2020-09-18,VMSXX,0.06
2020-09-18,VUSXX,0.07
2020-09-21,VMFXX,0.06
2020-09-21,VMSXX,0.07
2020-09-21,VUSXX,0.06
2020-09-22,VMFXX,0.05
2020-09-22,VMSXX,0.07
2020-09-22,VUSXX,0.06
2020-09-23,VMFXX,0.05
2020-09-23,VMSXX,0.07
2020-09-23,VUSXX,0.06
2020-09-24,VMFXX,0.05
2020-09-24,VMSXX,0.07
2020-09-24,VUSXX,0.06
2020-09-25,VMFXX,0.05
2020-09-25,VMSXX,0.07
2020-09-25,VUSXX,0.06
2020-09-28,VMFXX,0.05
2020-09-28,VMSXX,0.07
2020-09-28,VUSXX,0.06
2020-09-29,VMFXX,0.05
2020-09-29,VMSXX,0.07
2020-09-29,VUSXX,0.06
2020-09-30,VMFXX,0.05
2020-09-30,VMSXX,0.07
2020-09-30,VUSXX,0.06
2020-10-01,VMFXX,0.05
2020-10-01,VMSXX,0.07
2020-10-01,VUSXX,0.06
2020-10-02,VMFXX,0.05
2020-10-02,VMSXX,0.05
2020-10-02,VUSXX,0.06
2020-10-05,VMFXX,0.05
2020-10-05,VMSXX,0.05
2020-10-05,VUSXX,0.06
2020-10-06,VMFXX,0.05
2020-10-06,VMSXX,0.05
2020-10-06,VUSXX,0.06
2020-10-07,VMFXX,0.05
2020-10-07,VMSXX,0.04
2020-10-07,VUSXX,0.06
2020-10-08,VMFXX,0.05
2020-10-08,VMSXX,0.04
2020-10-08,VUSXX,0.06
2020-10-09,VMFXX,0.04
2020-10-09,VMSXX,0.04
2020-10-09,VUSXX,0.06
2020-10-12,VMFXX,0.04
2020-10-12,VMSXX,0.04
2020-10-12,VUSXX,0.06
2020-10-13,VMFXX,0.04
2020-10-13,VMSXX,0.04
2020-10-13,VUSXX,0.06
2020-10-14,VMFXX,0.04
2020-10-14,VMSXX,0.04
2020-10-14,VUSXX,0.06
2020-10-15,VMFXX,0.04
2020-10-15,VMSXX,0.04
2020-10-15,VUSXX,0.06
2020-10-16,VMFXX,0.04
2020-10-16,VMSXX,0.05
2020-10-16,VUSXX,0.05
2020-10-19,VMFXX,0.04
2020-10-19,VMSXX,0.05
2020-10-19,VUSXX,0.05
2020-10-20,VMFXX,0.04
2020-10-20,VMSXX,0.05
2020-10-20,VUSXX,0.05
2020-10-21,VMFXX,0.04
2020-10-21,VMSXX,0.05
2020-10-21,VUSXX,0.05
2020-10-22,VMFXX,0.04
2020-10-22,VMSXX,0.05
2020-10-22,VUSXX,0.05
2020-10-23,VMFXX,0.04
2020-10-23,VMSXX,0.05
2020-10-23,VUSXX,0.05
2020-10-26,VMFXX,0.04
2020-10-26,VMSXX,0.05
2020-10-26,VUSXX,0.05
2020-10-27,VMFXX,0.04
2020-10-27,VMSXX,0.05
2020-10-27,VUSXX,0.05
2020-10-28,VMFXX,0.04
2020-10-28,VMSXX,0.05
2020-10-28,VUSXX,0.05
2020-10-29,VMFXX,0.04
2020-10-29,VMSXX,0.05
2020-10-29,VUSXX,0.05
2020-10-30,VMFXX,0.04
2020-10-30,VMSXX,0.05
2020-10-30,VUSXX,0.05
2020-11-02,VMFXX,0.04
2020-11-02,VMSXX,0.04
2020-11-02,VUSXX,0.05
2020-11-03,VMFXX,0.04
2020-11-03,VMSXX,0.04
2020-11-03,VUSXX,0.05
2020-11-04,VMFXX,0.04
2020-11-04,VMSXX,0.04
2020-11-04,VUSXX,0.05
2020-11-05,VMFXX,0.04
2020-11-05,VMSXX,0.04
2020-11-05,VUSXX,0.05
2020-11-06,VMFXX,0.03
2020-11-06,VMSXX,0.03
2020-11-06,VUSXX,0.05
2020-11-09,VMFXX,0.03
2020-11-09,VMSXX,0.03
2020-11-09,VUSXX,0.05
2020-11-10,VMFXX,0.03
2020-11-10,VMSXX,0.03
2020-11-10,VUSXX,0.05
2020-11-11,VMFXX,0.03
2020-11-11,VMSXX,0.03
2020-11-11,VUSXX,0.05
2020-11-12,VMFXX,0.03
2020-11-12,VMSXX,0.03
2020-11-12,VUSXX,0.05
2020-11-13,VMFXX,0.03
2020-11-13,VMSXX,0.03
2020-11-13,VUSXX,0.05
2020-11-16,VMFXX,0.03
2020-11-16,VMSXX,0.03
2020-11-16,VUSXX,0.05
2020-11-17,VMFXX,0.03
2020-11-17,VMSXX,0.03
2020-11-17,VUSXX,0.05
2020-11-18,VMFXX,0.03
2020-11-18,VMSXX,0.03
2020-11-18,VUSXX,0.05
2020-11-19,VMFXX,0.03
2020-11-19,VMSXX,0.03
2020-11-19,VUSXX,0.05
2020-11-20,VMFXX,0.03
2020-11-20,VMSXX,0.03
2020-11-20,VUSXX,0.05
2020-11-23,VMFXX,0.03
2020-11-23,VMSXX,0.03
2020-11-23,VUSXX,0.05
2020-11-24,VMFXX,0.03
2020-11-24,VMSXX,0.03
2020-11-24,VUSXX,0.05
2020-11-25,VMFXX,0.02
2020-11-25,VMSXX,0.03
2020-11-25,VUSXX,0.05
2020-11-27,VMFXX,0.02
2020-11-27,VMSXX,0.03
2020-11-27,VUSXX,0.05
2020-11-30,VMFXX,0.02
2020-11-30,VMSXX,0.03
2020-11-30,VUSXX,0.04
2020-12-01,VMFXX,0.02
2020-12-01,VMSXX,0.03
2020-12-01,VUSXX,0.04
2020-12-02,VMFXX,0.02
2020-12-02,VMSXX,0.03
2020-12-02,VUSXX,0.04
2020-12-03,VMFXX,0.02
2020-12-03,VMSXX,0.03
2020-12-03,VUSXX,0.04
2020-12-04,VMFXX,0.02
2020-12-04,VMSXX,0.02
2020-12-04,VUSXX,0.04
2020-12-07,VMFXX,0.02
2020-12-07,VMSXX,0.01
2020-12-07,VUSXX,0.04
2020-12-08,VMFXX,0.02
2020-12-08,VMSXX,0.01
2020-12-08,VUSXX,0.04
2020-12-09,VMFXX,0.02
2020-12-09,VMSXX,0.01
2020-12-09,VUSXX,0.04
2020-12-10,VMFXX,0.02
2020-12-10,VMSXX,0.01
2020-12-10,VUSXX,0.04
2020-12-11,VMFXX,0.02
2020-12-11,VMSXX,0.01
2020-12-11,VUSXX,0.04
2020-12-14,VMFXX,0.02
2020-12-14,VMSXX,0.01
2020-12-14,VUSXX,0.04
2020-12-15,VMFXX,0.02
2020-12-15,VMSXX,0.01
2020-12-15,VUSXX,0.04
2020-12-16,VMFXX,0.02
2020-12-16,VMSXX,0.01
2020-12-16,VUSXX,0.04
2020-12-17,VMFXX,0.02
2020-12-17,VMSXX,0.01
2020-12-17,VUSXX,0.04
2020-12-18,VMFXX,0.02
2020-12-18,VMSXX,0.01
2020-12-18,VUSXX,0.04
2020-12-21,VMFXX,0.02
2020-12-21,VMSXX,0.01
2020-12-21,VUSXX,0.04
2020-12-22,VMFXX,0.02
2020-12-22,VMSXX,0.01
2020-12-22,VUSXX,0.04
2020-12-23,VMFXX,0.02
2020-12-23,VMSXX,0.01
2020-12-23,VUSXX,0.04
2020-12-24,VMFXX,0.02
2020-12-24,VMSXX,0.01
2020-12-24,VUSXX,0.04
2020-12-28,VMFXX,0.02
2020-12-28,VMSXX,0.01
2020-12-28,VUSXX,0.04
2020-12-29,VMFXX,0.02
2020-12-29,VMSXX,0.01
2020-12-29,VUSXX,0.04
2020-12-30,VMFXX,0.02
2020-12-30,VMSXX,0.01
2020-12-30,VUSXX,0.04
2020-12-31,VMFXX,0.02
2020-12-31,VMSXX,0.01
2020-12-31,VUSXX,0.04
2021-01-04,VMFXX,0.02
2021-01-04,VMSXX,0.01
2021-01-04,VUSXX,0.04
2021-01-05,VMFXX,0.02
2021-01-05,VMSXX,0.01
2021-01-05,VUSXX,0.04
2021-01-06,VMFXX,0.02
2021-01-06,VMSXX,0.01
2021-01-06,VUSXX,0.04
2021-01-07,VMFXX,0.02
2021-01-07,VMSXX,0.01
2021-01-07,VUSXX,0.04
2021-01-08,VMFXX,0.02
2021-01-08,VMSXX,0.01
2021-01-08,VUSXX,0.03
2021-01-11,VMFXX,0.02
2021-01-11,VMSXX,0.01
2021-01-11,VUSXX,0.03
2021-01-12,VMFXX,0.02
2021-01-12,VMSXX,0.01
2021-01-12,VUSXX,0.03
2021-01-13,VMFXX,0.01
2021-01-13,VMSXX,0.01
2021-01-13,VUSXX,0.03
2021-01-14,VMFXX,0.01
2021-01-14,VMSXX,0.01
2021-01-14,VUSXX,0.03
2021-01-15,VMFXX,0.01
2021-01-15,VMSXX,0.01
2021-01-15,VUSXX,0.03
2021-01-19,VMFXX,0.01
2021-01-19,VMSXX,0.01
2021-01-19,VUSXX,0.03
2021-01-20,VMFXX,0.01
2021-01-20,VMSXX,0.01
2021-01-20,VUSXX,0.03
2021-01-21,VMFXX,0.01
2021-01-21,VMSXX,0.01
2021-01-21,VUSXX,0.03
2021-01-22,VMFXX,0.01
2021-01-22,VMSXX,0.01
2021-01-22,VUSXX,0.03
2021-01-25,VMFXX,0.01
2021-01-25,VMSXX,0.01
2021-01-25,VUSXX,0.03
2021-01-26,VMFXX,0.01
2021-01-26,VMSXX,0.01
2021-01-26,VUSXX,0.03
2021-01-27,VMFXX,0.01
2021-01-27,VMSXX,0.01
2021-01-27,VUSXX,0.03
2021-01-28,VMFXX,0.01
2021-01-28,VMSXX,0.01
2021-01-28,VUSXX,0.03
2021-01-29,VMFXX,0.01
2021-01-29,VMSXX,0.01
2021-01-29,VUSXX,0.03
2021-02-01,VMFXX,0.01
2021-02-01,VMSXX,0.01
2021-02-01,VUSXX,0.03
2021-02-02,VMFXX,0.01
2021-02-02,VMSXX,0.01
2021-02-02,VUSXX,0.03
2021-02-03,VMFXX,0.01
2021-02-03,VMSXX,0.01
2021-02-03,VUSXX,0.03
2021-02-04,VMFXX,0.01
2021-02-04,VMSXX,0.01
2021-02-04,VUSXX,0.03
2021-02-05,VMFXX,0.01
2021-02-05,VMSXX,0.01
2021-02-05,VUSXX,0.03
2021-02-08,VMFXX,0.01
2021-02-08,VMSXX,0.01
2021-02-08,VUSXX,0.03
2021-02-09,VMFXX,0.01
2021-02-09,VMSXX,0.01
2021-02-09,VUSXX,0.03
2021-02-10,VMFXX,0.01
2021-02-10,VMSXX,0.01
2021-02-10,VUSXX,0.02
2021-02-11,VMFXX,0.01
2021-02-11,VMSXX,0.01
2021-02-11,VUSXX,0.02
2021-02-12,VMFXX,0.01
2021-02-12,VMSXX,0.01
2021-02-12,VUSXX,0.02
2021-02-16,VMFXX,0.01
2021-02-16,VMSXX,0.01
2021-02-16,VUSXX,0.02
2021-02-17,VMFXX,0.01
2021-02-17,VMSXX,0.01
2021-02-17,VUSXX,0.02
2021-02-18,VMFXX,0.01
2021-02-18,VMSXX,0.01
2021-02-18,VUSXX,0.02
2021-02-19,VMFXX,0.01
2021-02-19,VMSXX,0.01
2021-02-19,VUSXX,0.02
2021-02-22,VMFXX,0.01
2021-02-22,VMSXX,0.01
2021-02-22,VUSXX,0.02
2021-02-23,VMFXX,0.01
2021-02-23,VMSXX,0.01
2021-02-23,VUSXX,0.02
2021-02-24,VMFXX,0.01
2021-02-24,VMSXX,0.01
2021-02-24,VUSXX,0.02
2021-02-25,VMFXX,0.01
2021-02-25,VMSXX,0.01
2021-02-25,VUSXX,0.02
2021-02-26,VMFXX,0.01
2021-02-26,VMSXX,0.01
2021-02-26,VUSXX,0.02
2021-03-01,VMFXX,0.01
2021-03-01,VMSXX,0.01
2021-03-01,VUSXX,0.01
2021-03-02,VMFXX,0.01
2021-03-02,VMSXX,0.01
2021-03-02,VUSXX,0.01
2021-03-03,VMFXX,0.01
2021-03-03,VMSXX,0.01
2021-03-03,VUSXX,0.01
2021-03-04,VMFXX,0.01
2021-03-04,VMSXX,0.01
2021-03-04,VUSXX,0.01
2021-03-05,VMFXX,0.01
2021-03-05,VMSXX,0.01
2021-03-05,VUSXX,0.01
2021-03-08,VMFXX,0.01
2021-03-08,VMSXX,0.01
2021-03-08,VUSXX,0.01
2021-03-09,VMFXX,0.01
2021-03-09,VMSXX,0.01
2021-03-09,VUSXX,0.01
2021-03-10,VMFXX,0.01
2021-03-10,VMSXX,0.01
2021-03-10,VUSXX,0.01
2021-03-11,VMFXX,0.01
2021-03-11,VMSXX,0.01
2021-03-11,VUSXX,0.01
2021-03-12,VMFXX,0.01
2021-03-12,VMSXX,0.01
2021-03-12,VUSXX,0.01
2021-03-15,VMFXX,0.01
2021-03-15,VMSXX,0.01
2021-03-15,VUSXX,0.01
2021-03-16,VMFXX,0.01
2021-03-16,VMSXX,0.01
2021-03-16,VUSXX,0.01
2021-03-17,VMFXX,0.01
2021-03-17,VMSXX,0.01
2021-03-17,VUSXX,0.01
2021-03-18,VMFXX,0.01
2021-03-18,VMSXX,0.01
2021-03-18,VUSXX,0.01
2021-03-19,VMFXX,0.01
2021-03-19,VMSXX,0.01
2021-03-19,VUSXX,0.01
2021-03-22,VMFXX,0.01
2021-03-22,VMSXX,0.01
2021-03-22,VUSXX,0.01
2021-03-23,VMFXX,0.01
2021-03-23,VMSXX,0.01
2021-03-23,VUSXX,0.01
2021-03-24,VMFXX,0.01
2021-03-24,VMSXX,0.01
2021-03-24,VUSXX,0.01
2021-03-25,VMFXX,0.01
2021-03-25,VMSXX,0.01
2021-03-25,VUSXX,0.01
2021-03-26,VMFXX,0.01
2021-03-26,VMSXX,0.01
2021-03-26,VUSXX,0.01
2021-03-29,VMFXX,0.01
2021-03-29,VMSXX,0.01
2021-03-29,VUSXX,0.01
2021-03-30,VMFXX,0.01
2021-03-30,VMSXX,0.01
2021-03-30,VUSXX,0.01
2021-03-31,VMFXX,0.01
2021-03-31,VMSXX,0.01
2021-03-31,VUSXX,0.01
2021-04-01,VMFXX,0.01
2021-04-01,VMSXX,0.01
2021-04-01,VUSXX,0.01
2021-04-05,VMFXX,0.01
2021-04-05,VMSXX,0.01
2021-04-05,VUSXX,0.01
2021-04-06,VMFXX,0.01
2021-04-06,VMSXX,0.01
2021-04-06,VUSXX,0.01
2021-04-07,VMFXX,0.01
2021-04-07,VMSXX,0.01
2021-04-07,VUSXX,0.01
2021-04-08,VMFXX,0.01
2021-04-08,VMSXX,0.01
2021-04-08,VUSXX,0.01
2021-04-09,VMFXX,0.01
2021-04-09,VMSXX,0.01
2021-04-09,VUSXX,0.01
2021-04-12,VMFXX,0.01
2021-04-12,VMSXX,0.01
2021-04-12,VUSXX,0.01
2021-04-13,VMFXX,0.01
2021-04-13,VMSXX,0.01
2021-04-13,VUSXX,0.01
2021-04-14,VMFXX,0.01
2021-04-14,VMSXX,0.01
2021-04-14,VUSXX,0.01
2021-04-15,VMFXX,0.01
2021-04-15,VMSXX,0.01
2021-04-15,VUSXX,0.01
2021-04-16,VMFXX,0.01
2021-04-16,VMSXX,0.01
2021-04-16,VUSXX,0.01
2021-04-19,VMFXX,0.01
2021-04-19,VMSXX,0.01
2021-04-19,VUSXX,0.01
2021-04-20,VMFXX,0.01
2021-04-20,VMSXX,0.01
2021-04-20,VUSXX,0.01
2021-04-21,VMFXX,0.01
2021-04-21,VMSXX,0.01
2021-04-21,VUSXX,0.01
2021-04-22,VMFXX,0.01
2021-04-22,VMSXX,0.01
2021-04-22,VUSXX,0.01
2021-04-23,VMFXX,0.01
2021-04-23,VMSXX,0.01
2021-04-23,VUSXX,0.01
2021-04-26,VMFXX,0.01
2021-04-26,VMSXX,0.01
2021-04-26,VUSXX,0.01
2021-04-27,VMFXX,0.01
2021-04-27,VMSXX,0.01
2021-04-27,VUSXX,0.01
2021-04-28,VMFXX,0.01
2021-04-28,VMSXX,0.01
2021-04-28,VUSXX,0.01
2021-04-29,VMFXX,0.01
2021-04-29,VMSXX,0.01
2021-04-29,VUSXX,0.01
2021-04-30,VMFXX,0.01
2021-04-30,VMSXX,0.01
2021-04-30,VUSXX,0.01
2021-05-03,VMFXX,0.01
2021-05-03,VMSXX,0.01
2021-05-03,VUSXX,0.01
2021-05-04,VMFXX,0.01
2021-05-04,VMSXX,0.01
2021-05-04,VUSXX,0.01
2021-05-05,VMFXX,0.01
2021-05-05,VMSXX,0.01
2021-05-05,VUSXX,0.01
2021-05-06,VMFXX,0.01
2021-05-06,VMSXX,0.01
2021-05-06,VUSXX,0.01
2021-05-07,VMFXX,0.01
2021-05-07,VMSXX,0.01
2021-05-07,VUSXX,0.01
2021-05-10,VMFXX,0.01
2021-05-10,VMSXX,0.01
2021-05-10,VUSXX,0.01
2021-05-11,VMFXX,0.01
2021-05-11,VMSXX,0.01
2021-05-11,VUSXX,0.01
2021-05-12,VMFXX,0.01
2021-05-12,VMSXX,0.01
2021-05-12,VUSXX,0.01
2021-05-13,VMFXX,0.01
2021-05-13,VMSXX,0.01
2021-05-13,VUSXX,0.01
2021-05-14,VMFXX,0.01
2021-05-14,VMSXX,0.01
2021-05-14,VUSXX,0.01
2021-05-17,VMFXX,0.01
2021-05-17,VMSXX,0.01
2021-05-17,VUSXX,0.01
2021-05-18,VMFXX,0.01
2021-05-18,VMSXX,0.01
2021-05-18,VUSXX,0.01
2021-05-19,VMFXX,0.01
2021-05-19,VMSXX,0.01
2021-05-19,VUSXX,0.01
2021-05-20,VMFXX,0.01
2021-05-20,VMSXX,0.01
2021-05-20,VUSXX,0.01
2021-05-21,VMFXX,0.01
2021-05-21,VMSXX,0.01
2021-05-21,VUSXX,0.01
2021-05-24,VMFXX,0.01
2021-05-24,VMSXX,0.01
2021-05-24,VUSXX,0.01
2021-05-25,VMFXX,0.01
2021-05-25,VMSXX,0.01
2021-05-25,VUSXX,0.01
2021-05-26,VMFXX,0.01
2021-05-26,VMSXX,0.01
2021-05-26,VUSXX,0.01
2021-05-27,VMFXX,0.01
2021-05-27,VMSXX,0.01
2021-05-27,VUSXX,0.01
2021-05-28,VMFXX,0.01
2021-05-28,VMSXX,0.01
2021-05-28,VUSXX,0.01
2021-06-01,VMFXX,0.01
2021-06-01,VMSXX,0.01
2021-06-01,VUSXX,0.01
2021-06-02,VMFXX,0.01
2021-06-02,VMSXX,0.01
2021-06-02,VUSXX,0.01
2021-06-03,VMFXX,0.01
2021-06-03,VMSXX,0.01
2021-06-03,VUSXX,0.01
2021-06-04,VMFXX,0.01
2021-06-04,VMSXX,0.01
2021-06-04,VUSXX,0.01
2021-06-07,VMFXX,0.01
2021-06-07,VMSXX,0.01
2021-06-07,VUSXX,0.01
2021-06-08,VMFXX,0.01
2021-06-08,VMSXX,0.01
2021-06-08,VUSXX,0.01
2021-06-09,VMFXX,0.01
2021-06-09,VMSXX,0.01
2021-06-09,VUSXX,0.01
2021-06-10,VMFXX,0.01
2021-06-10,VMSXX,0.01
2021-06-10,VUSXX,0.01
2021-06-11,VMFXX,0.01
2021-06-11,VMSXX,0.01
2021-06-11,VUSXX,0.01
2021-06-14,VMFXX,0.01
2021-06-14,VMSXX,0.01
2021-06-14,VUSXX,0.01
2021-06-15,VMFXX,0.01
2021-06-15,VMSXX,0.01
2021-06-15,VUSXX,0.01
2021-06-16,VMFXX,0.01
2021-06-16,VMSXX,0.01
2021-06-16,VUSXX,0.01
2021-06-17,VMFXX,0.01
2021-06-17,VMSXX,0.01
2021-06-17,VUSXX,0.01
2021-06-18,VMFXX,0.01
2021-06-18,VMSXX,0.01
2021-06-18,VUSXX,0.01
2021-06-21,VMFXX,0.01
2021-06-21,VMSXX,0.01
2021-06-21,VUSXX,0.01
2021-06-22,VMFXX,0.01
2021-06-22,VMSXX,0.01
2021-06-22,VUSXX,0.01
2021-06-23,VMFXX,0.01
2021-06-23,VMSXX,0.01
2021-06-23,VUSXX,0.01
2021-06-24,VMFXX,0.01
2021-06-24,VMSXX,0.01
2021-06-24,VUSXX,0.01
2021-06-25,VMFXX,0.01
2021-06-25,VMSXX,0.01
2021-06-25,VUSXX,0.01
2021-06-28,VMFXX,0.01
2021-06-28,VMSXX,0.01
2021-06-28,VUSXX,0.01
2021-06-29,VMFXX,0.01
2021-06-29,VMSXX,0.01
2021-06-29,VUSXX,0.01
2021-06-30,VMFXX,0.01
2021-06-30,VMSXX,0.01
2021-06-30,VUSXX,0.01
2021-07-01,VMFXX,0.01
2021-07-01,VMSXX,0.01
2021-07-01,VUSXX,0.01
2021-07-02,VMFXX,0.01
2021-07-02,VMSXX,0.01
2021-07-02,VUSXX,0.01
2021-07-06,VMFXX,0.01
2021-07-06,VMSXX,0.01
2021-07-06,VUSXX,0.01
2021-07-07,VMFXX,0.01
2021-07-07,VMSXX,0.01
2021-07-07,VUSXX,0.01
2021-07-08,VMFXX,0.01
2021-07-08,VMSXX,0.01
2021-07-08,VUSXX,0.01
2021-07-09,VMFXX,0.01
2021-07-09,VMSXX,0.01
2021-07-09,VUSXX,0.01
2021-07-12,VMFXX,0.01
2021-07-12,VMSXX,0.01
2021-07-12,VUSXX,0.01
2021-07-13,VMFXX,0.01
2021-07-13,VMSXX,0.01
2021-07-13,VUSXX,0.01
2021-07-14,VMFXX,0.01
2021-07-14,VMSXX,0.01
2021-07-14,VUSXX,0.01
2021-07-15,VMFXX,0.01
2021-07-15,VMSXX,0.01
2021-07-15,VUSXX,0.01
2021-07-16,VMFXX,0.01
2021-07-16,VMSXX,0.01
2021-07-16,VUSXX,0.01
2021-07-19,VMFXX,0.01
2021-07-19,VMSXX,0.01
2021-07-19,VUSXX,0.01
2021-07-20,VMFXX,0.01
2021-07-20,VMSXX,0.01
2021-07-20,VUSXX,0.01
2021-07-21,VMFXX,0.01
2021-07-21,VMSXX,0.01
2021-07-21,VUSXX,0.01
2021-07-22,VMFXX,0.01
2021-07-22,VMSXX,0.01
2021-07-22,VUSXX,0.01
2021-07-23,VMFXX,0.01
2021-07-23,VMSXX,0.01
2021-07-23,VUSXX,0.01
2021-07-26,VMFXX,0.01
2021-07-26,VMSXX,0.01
2021-07-26,VUSXX,0.01
2021-07-27,VMFXX,0.01
2021-07-27,VMSXX,0.01
2021-07-27,VUSXX,0.01
2021-07-28,VMFXX,0.01
2021-07-28,VMSXX,0.01
2021-07-28,VUSXX,0.01
2021-07-29,VMFXX,0.01
2021-07-29,VMSXX,0.01
2021-07-29,VUSXX,0.01
2021-07-30,VMFXX,0.01
2021-07-30,VMSXX,0.01
2021-07-30,VUSXX,0.01
2021-08-02,VMFXX,0.01
2021-08-02,VMSXX,0.01
2021-08-02,VUSXX,0.01
2021-08-03,VMFXX,0.01
2021-08-03,VMSXX,0.01
2021-08-03,VUSXX,0.01
2021-08-04,VMFXX,0.01
2021-08-04,VMSXX,0.01
2021-08-04,VUSXX,0.01
2021-08-05,VMFXX,0.01
2021-08-05,VMSXX,0.01
2021-08-05,VUSXX,0.01
2021-08-06,VMFXX,0.01
2021-08-06,VMSXX,0.01
2021-08-06,VUSXX,0.01
2021-08-09,VMFXX,0.01
2021-08-09,VMSXX,0.01
2021-08-09,VUSXX,0.01
2021-08-10,VMFXX,0.01
2021-08-10,VMSXX,0.01
2021-08-10,VUSXX,0.01
2021-08-11,VMFXX,0.01
2021-08-11,VMSXX,0.01
2021-08-11,VUSXX,0.01
2021-08-12,VMFXX,0.01
2021-08-12,VMSXX,0.01
2021-08-12,VUSXX,0.01
2021-08-13,VMFXX,0.01
2021-08-13,VMSXX,0.01
2021-08-13,VUSXX,0.01
2021-08-16,VMFXX,0.01
2021-08-16,VMSXX,0.01
2021-08-16,VUSXX,0.01
2021-08-17,VMFXX,0.01
2021-08-17,VMSXX,0.01
2021-08-17,VUSXX,0.01
2021-08-18,VMFXX,0.01
2021-08-18,VMSXX,0.01
2021-08-18,VUSXX,0.01
2021-08-19,VMFXX,0.01
2021-08-19,VMSXX,0.01
2021-08-19,VUSXX,0.01
2021-08-20,VMFXX,0.01
2021-08-20,VMSXX,0.01
2021-08-20,VUSXX,0.01
2021-08-23,VMFXX,0.01
2021-08-23,VMSXX,0.01
2021-08-23,VUSXX,0.01
2021-08-24,VMFXX,0.01
2021-08-24,VMSXX,0.01
2021-08-24,VUSXX,0.01
2021-08-25,VMFXX,0.01
2021-08-25,VMSXX,0.01
2021-08-25,VUSXX,0.01
2021-08-26,VMFXX,0.01
2021-08-26,VMSXX,0.01
2021-08-26,VUSXX,0.01
2021-08-27,VMFXX,0.01
2021-08-27,VMSXX,0.01
2021-08-27,VUSXX,0.01
2021-08-30,VMFXX,0.01
2021-08-30,VMSXX,0.01
2021-08-30,VUSXX,0.01
2021-08-31,VMFXX,0.01
2021-08-31,VMSXX,0.01
2021-08-31,VUSXX,0.01
2021-09-01,VMFXX,0.01
2021-09-01,VMSXX,0.01
2021-09-01,VUSXX,0.01
2021-09-02,VMFXX,0.01
2021-09-02,VMSXX,0.01
2021-09-02,VUSXX,0.01
2021-09-03,VMFXX,0.01
2021-09-03,VMSXX,0.01
2021-09-03,VUSXX,0.01
2021-09-07,VMFXX,0.01
2021-09-07,VMSXX,0.01
2021-09-07,VUSXX,0.01
2021-09-08,VMFXX,0.01
2021-09-08,VMSXX,0.01
2021-09-08,VUSXX,0.01
2021-09-09,VMFXX,0.01
2021-09-09,VMSXX,0.01
2021-09-09,VUSXX,0.01
2021-09-10,VMFXX,0.01
2021-09-10,VMSXX,0.01
2021-09-10,VUSXX,0.01
2021-09-13,VMFXX,0.01
2021-09-13,VMSXX,0.01
2021-09-13,VUSXX,0.01
2021-09-14,VMFXX,0.01
2021-09-14,VMSXX,0.01
2021-09-14,VUSXX,0.01
2021-09-15,VMFXX,0.01
2021-09-15,VMSXX,0.01
2021-09-15,VUSXX,0.01
2021-09-16,VMFXX,0.01
2021-09-16,VMSXX,0.01
2021-09-16,VUSXX,0.01
2021-09-17,VMFXX,0.01
2021-09-17,VMSXX,0.01
2021-09-17,VUSXX,0.01
2021-09-20,VMFXX,0.01
2021-09-20,VMSXX,0.01
2021-09-20,VUSXX,0.01
2021-09-21,VMFXX,0.01
2021-09-21,VMSXX,0.01
2021-09-21,VUSXX,0.01
2021-09-22,VMFXX,0.01
2021-09-22,VMSXX,0.01
2021-09-22,VUSXX,0.01
2021-09-23,VMFXX,0.01
2021-09-23,VMSXX,0.01
2021-09-23,VUSXX,0.01
2021-09-24,VMFXX,0.01
2021-09-24,VMSXX,0.01
2021-09-24,VUSXX,0.01
2021-09-27,VMFXX,0.01
2021-09-27,VMSXX,0.01
2021-09-27,VUSXX,0.01
2021-09-28,VMFXX,0.01
2021-09-28,VMSXX,0.01
2021-09-28,VUSXX,0.01
2021-09-29,VMFXX,0.01
2021-09-29,VMSXX,0.01
2021-09-29,VUSXX,0.01
2021-09-30,VMFXX,0.01
2021-09-30,VMSXX,0.01
2021-09-30,VUSXX,0.01
2021-10-01,VMFXX,0.01
2021-10-01,VMSXX,0.01
2021-10-01,VUSXX,0.01
2021-10-04,VMFXX,0.01
2021-10-04,VMSXX,0.01
2021-10-04,VUSXX,0.01
2021-10-05,VMFXX,0.01
2021-10-05,VMSXX,0.01
2021-10-05,VUSXX,0.01
2021-10-06,VMFXX,0.01
2021-10-06,VMSXX,0.01
2021-10-06,VUSXX,0.01
2021-10-07,VMFXX,0.01
2021-10-07,VMSXX,0.01
2021-10-07,VUSXX,0.01
2021-10-08,VMFXX,0.01
2021-10-08,VMSXX,0.01
2021-10-08,VUSXX,0.01
2021-10-11,VMFXX,0.01
2021-10-11,VMSXX,0.01
2021-10-11,VUSXX,0.01
2021-10-12,VMFXX,0.01
2021-10-12,VMSXX,0.01
2021-10-12,VUSXX,0.01
2021-10-13,VMFXX,0.01
2021-10-13,VMSXX,0.01
2021-10-13,VUSXX,0.01
2021-10-14,VMFXX,0.01
2021-10-14,VMSXX,0.01
2021-10-14,VUSXX,0.01
2021-10-15,VMFXX,0.01
2021-10-15,VMSXX,0.01
2021-10-15,VUSXX,0.01
2021-10-18,VMFXX,0.01
2021-10-18,VMSXX,0.01
2021-10-18,VUSXX,0.01
2021-10-19,VMFXX,0.01
2021-10-19,VMSXX,0.01
2021-10-19,VUSXX,0.01
2021-10-20,VMFXX,0.01
2021-10-20,VMSXX,0.01
2021-10-20,VUSXX,0.01
2021-10-21,VMFXX,0.01
2021-10-21,VMSXX,0.01
2021-10-21,VUSXX,0.01
2021-10-22,VMFXX,0.01
2021-10-22,VMSXX,0.01
2021-10-22,VUSXX,0.01
2021-10-25,VMFXX,0.01
2021-10-25,VMSXX,0.01
2021-10-25,VUSXX,0.01
2021-10-26,VMFXX,0.01
2021-10-26,VMSXX,0.01
2021-10-26,VUSXX,0.01
2021-10-27,VMFXX,0.01
2021-10-27,VMSXX,0.01
2021-10-27,VUSXX,0.01
2021-10-28,VMFXX,0.01
2021-10-28,VMSXX,0.01
2021-10-28,VUSXX,0.01
2021-10-29,VMFXX,0.01
2021-10-29,VMSXX,0.01
2021-10-29,VUSXX,0.01
2021-11-01,VMFXX,0.01
2021-11-01,VMSXX,0.01
2021-11-01,VUSXX,0.01
2021-11-02,VMFXX,0.01
2021-11-02,VMSXX,0.01
2021-11-02,VUSXX,0.01
2021-11-03,VMFXX,0.01
2021-11-03,VMSXX,0.01
2021-11-03,VUSXX,0.01
2021-11-04,VMFXX,0.01
2021-11-04,VMSXX,0.01
2021-11-04,VUSXX,0.01
2021-11-05,VMFXX,0.01
2021-11-05,VMSXX,0.01
2021-11-05,VUSXX,0.01
2021-11-08,VMFXX,0.01
2021-11-08,VMSXX,0.01
2021-11-08,VUSXX,0.01
2021-11-09,VMFXX,0.01
2021-11-09,VMSXX,0.01
2021-11-09,VUSXX,0.01
2021-11-10,VMFXX,0.01
2021-11-10,VMSXX,0.01
2021-11-10,VUSXX,0.01
2021-11-11,VMFXX,0.01
2021-11-11,VMSXX,0.01
2021-11-11,VUSXX,0.01
2021-11-12,VMFXX,0.01
2021-11-12,VMSXX,0.01
2021-11-12,VUSXX,0.01
2021-11-15,VMFXX,0.01
2021-11-15,VMSXX,0.01
2021-11-15,VUSXX,0.01
2021-11-16,VMFXX,0.01
2021-11-16,VMSXX,0.01
2021-11-16,VUSXX,0.01
2021-11-17,VMFXX,0.01
2021-11-17,VMSXX,0.01
2021-11-17,VUSXX,0.01
2021-11-18,VMFXX,0.01
2021-11-18,VMSXX,0.01
2021-11-18,VUSXX,0.01
2021-11-19,VMFXX,0.01
2021-11-19,VMSXX,0.01
2021-11-19,VUSXX,0.01
2021-11-22,VMFXX,0.01
2021-11-22,VMSXX,0.01
2021-11-22,VUSXX,0.01
2021-11-23,VMFXX,0.01
2021-11-23,VMSXX,0.01
2021-11-23,VUSXX,0.01
2021-11-24,VMFXX,0.01
2021-11-24,VMSXX,0.01
2021-11-24,VUSXX,0.01
2021-11-26,VMFXX,0.01
2021-11-26,VMSXX,0.01
2021-11-26,VUSXX,0.01
2021-11-29,VMFXX,0.01
2021-11-29,VMSXX,0.01
2021-11-29,VUSXX,0.01
2021-11-30,VMFXX,0.01
2021-11-30,VMSXX,0.01
2021-11-30,VUSXX,0.01
2021-12-01,VMFXX,0.01
2021-12-01,VMSXX,0.01
2021-12-01,VUSXX,0.01
2021-12-02,VMFXX,0.01
2021-12-02,VMSXX,0.01
2021-12-02,VUSXX,0.01
2021-12-03,VMFXX,0.01
2021-12-03,VMSXX,0.01
2021-12-03,VUSXX,0.01
2021-12-06,VMFXX,0.01
2021-12-06,VMSXX,0.01
2021-12-06,VUSXX,0.01
2021-12-07,VMFXX,0.01
2021-12-07,VMSXX,0.01
2021-12-07,VUSXX,0.01
2021-12-08,VMFXX,0.01
2021-12-08,VMSXX,0.01
2021-12-08,VUSXX,0.01
2021-12-09,VMFXX,0.01
2021-12-09,VMSXX,0.01
2021-12-09,VUSXX,0.01
2021-12-10,VMFXX,0.01
2021-12-10,VMSXX,0.01
2021-12-10,VUSXX,0.01
2021-12-13,VMFXX,0.01
2021-12-13,VMSXX,0.01
2021-12-13,VUSXX,0.01
2021-12-14,VMFXX,0.01
2021-12-14,VMSXX,0.01
2021-12-14,VUSXX,0.01
2021-12-15,VMFXX,0.01
2021-12-15,VMSXX,0.01
2021-12-15,VUSXX,0.01
2021-12-16,VMFXX,0.01
2021-12-16,VMSXX,0.01
2021-12-16,VUSXX,0.01
2021-12-17,VMFXX,0.01
2021-12-17,VMSXX,0.01
2021-12-17,VUSXX,0.01
2021-12-20,VMFXX,0.01
2021-12-20,VMSXX,0.01
2021-12-20,VUSXX,0.01
2021-12-21,VMFXX,0.01
2021-12-21,VMSXX,0.01
2021-12-21,VUSXX,0.01
2021-12-22,VMFXX,0.01
2021-12-22,VMSXX,0.01
2021-12-22,VUSXX,0.01
2021-12-23,VMFXX,0.01
2021-12-23,VMSXX,0.01
2021-12-23,VUSXX,0.01
2021-12-27,VMFXX,0.01
2021-12-27,VMSXX,0.01
2021-12-27,VUSXX,0.01
2021-12-28,VMFXX,0.01
2021-12-28,VMSXX,0.01
2021-12-28,VUSXX,0.01
2021-12-29,VMFXX,0.01
2021-12-29,VMSXX,0.01
2021-12-29,VUSXX,0.01
2021-12-30,VMFXX,0.01
2021-12-30,VMSXX,0.01
2021-12-30,VUSXX,0.01
2021-12-31,VMFXX,0.01
2021-12-31,VMSXX,0.01
2021-12-31,VUSXX,0.01
2022-01-03,VMFXX,0.01
2022-01-03,VMSXX,0.01
2022-01-03,VUSXX,0.01
2022-01-04,VMFXX,0.01
2022-01-04,VMSXX,0.01
2022-01-04,VUSXX,0.01
2022-01-05,VMFXX,0.01
2022-01-05,VMSXX,0.01
2022-01-05,VUSXX,0.01
2022-01-06,VMFXX,0.01
2022-01-06,VMSXX,0.01
2022-01-06,VUSXX,0.01
2022-01-07,VMFXX,0.01
2022-01-07,VMSXX,0.01
2022-01-07,VUSXX,0.01
2022-01-10,VMFXX,0.01
2022-01-10,VMSXX,0.01
2022-01-10,VUSXX,0.01
2022-01-11,VMFXX,0.01
2022-01-11,VMSXX,0.01
2022-01-11,VUSXX,0.01
2022-01-12,VMFXX,0.01
2022-01-12,VMSXX,0.01
2022-01-12,VUSXX,0.01
2022-01-13,VMFXX,0.01
2022-01-13,VMSXX,0.01
2022-01-13,VUSXX,0.01
2022-01-14,VMFXX,0.01
2022-01-14,VMSXX,0.01
2022-01-14,VUSXX,0.01
2022-01-18,VMFXX,0.01
2022-01-18,VMSXX,0.01
2022-01-18,VUSXX,0.01
2022-01-19,VMFXX,0.01
2022-01-19,VMSXX,0.01
2022-01-19,VUSXX,0.01
2022-01-20,VMFXX,0.01
2022-01-20,VMSXX,0.01
2022-01-20,VUSXX,0.01
2022-01-21,VMFXX,0.01
2022-01-21,VMSXX,0.01
2022-01-21,VUSXX,0.02
2022-01-24,VMFXX,0.01
2022-01-24,VMSXX,0.01
2022-01-24,VUSXX,0.02
2022-01-25,VMFXX,0.01
2022-01-25,VMSXX,0.01
2022-01-25,VUSXX,0.02
2022-01-26,VMFXX,0.01
2022-01-26,VMSXX,0.01
2022-01-26,VUSXX,0.03
2022-01-27,VMFXX,0.01
2022-01-27,VMSXX,0.01
2022-01-27,VUSXX,0.03
2022-01-28,VMFXX,0.01
2022-01-28,VMSXX,0.01
2022-01-28,VUSXX,0.04
2022-01-31,VMFXX,0.01
2022-01-31,VMSXX,0.01
2022-01-31,VUSXX,0.04
2022-02-01,VMFXX,0.01
2022-02-01,VMSXX,0.01
2022-02-01,VUSXX,0.04
2022-02-02,VMFXX,0.01
2022-02-02,VMSXX,0.01
2022-02-02,VUSXX,0.04
2022-02-03,VMFXX,0.01
2022-02-03,VMSXX,0.01
2022-02-03,VUSXX,0.04
2022-02-04,VMFXX,0.01
2022-02-04,VMSXX,0.01
2022-02-04,VUSXX,0.05
2022-02-07,VMFXX,0.01
2022-02-07,VMSXX,0.01
2022-02-07,VUSXX,0.05
2022-02-08,VMFXX,0.01
2022-02-08,VMSXX,0.01
2022-02-08,VUSXX,0.05
2022-02-09,VMFXX,0.01
2022-02-09,VMSXX,0.01
2022-02-09,VUSXX,0.05
2022-02-10,VMFXX,0.01
2022-02-10,VMSXX,0.01
2022-02-10,VUSXX,0.05
2022-02-11,VMFXX,0.01
2022-02-11,VMSXX,0.03
2022-02-11,VUSXX,0.06
2022-02-14,VMFXX,0.01
2022-02-14,VMSXX,0.03
2022-02-14,VUSXX,0.06
2022-02-15,VMFXX,0.01
2022-02-15,VMSXX,0.04
2022-02-15,VUSXX,0.06
2022-02-16,VMFXX,0.01
2022-02-16,VMSXX,0.04
2022-02-16,VUSXX,0.07
2022-02-17,VMFXX,0.01
2022-02-17,VMSXX,0.04
2022-02-17,VUSXX,0.07
2022-02-18,VMFXX,0.01
2022-02-18,VMSXX,0.05
2022-02-18,VUSXX,0.09
2022-02-22,VMFXX,0.01
2022-02-22,VMSXX,0.05
2022-02-22,VUSXX,0.09
2022-02-23,VMFXX,0.01
2022-02-23,VMSXX,0.06
2022-02-23,VUSXX,0.09
2022-02-24,VMFXX,0.01
2022-02-24,VMSXX,0.06
2022-02-24,VUSXX,0.09
2022-02-25,VMFXX,0.01
2022-02-25,VMSXX,0.06
2022-02-25,VUSXX,0.09
2022-02-28,VMFXX,0.01
2022-02-28,VMSXX,0.07
2022-02-28,VUSXX,0.09
2022-03-01,VMFXX,0.01
2022-03-01,VMSXX,0.07
2022-03-01,VUSXX,0.09
2022-03-02,VMFXX,0.01
2022-03-02,VMSXX,0.07
2022-03-02,VUSXX,0.09
2022-03-03,VMFXX,0.01
2022-03-03,VMSXX,0.07
2022-03-03,VUSXX,0.09
2022-03-04,VMFXX,0.01
2022-03-04,VMSXX,0.07
2022-03-04,VUSXX,0.10
2022-03-07,VMFXX,0.01
2022-03-07,VMSXX,0.07
2022-03-07,VUSXX,0.10
2022-03-08,VMFXX,0.01
2022-03-08,VMSXX,0.07
2022-03-08,VUSXX,0.10
2022-03-09,VMFXX,0.01
2022-03-09,VMSXX,0.07
2022-03-09,VUSXX,0.10
2022-03-10,VMFXX,0.01
2022-03-10,VMSXX,0.08
2022-03-10,VUSXX,0.11
2022-03-11,VMFXX,0.01
2022-03-11,VMSXX,0.10
2022-03-11,VUSXX,0.11
2022-03-14,VMFXX,0.01
2022-03-14,VMSXX,0.10
2022-03-14,VUSXX,0.12
2022-03-15,VMFXX,0.01
2022-03-15,VMSXX,0.11
2022-03-15,VUSXX,0.12
2022-03-16,VMFXX,0.01
2022-03-16,VMSXX,0.12
2022-03-16,VUSXX,0.13
2022-03-17,VMFXX,0.03
2022-03-17,VMSXX,0.14
2022-03-17,VUSXX,0.14
2022-03-18,VMFXX,0.09
2022-03-18,VMSXX,0.19
2022-03-18,VUSXX,0.15
2022-03-21,VMFXX,0.12
2022-03-21,VMSXX,0.21
2022-03-21,VUSXX,0.16
2022-03-22,VMFXX,0.14
2022-03-22,VMSXX,0.23
2022-03-22,VUSXX,0.16
2022-03-23,VMFXX,0.16
2022-03-23,VMSXX,0.25
2022-03-23,VUSXX,0.17
2022-03-24,VMFXX,0.16
2022-03-24,VMSXX,0.27
2022-03-24,VUSXX,0.17
2022-03-25,VMFXX,0.16
2022-03-25,VMSXX,0.32
2022-03-25,VUSXX,0.18
2022-03-28,VMFXX,0.17
2022-03-28,VMSXX,0.33
2022-03-28,VUSXX,0.19
2022-03-29,VMFXX,0.17
2022-03-29,VMSXX,0.34
2022-03-29,VUSXX,0.19
2022-03-30,VMFXX,0.17
2022-03-30,VMSXX,0.35
2022-03-30,VUSXX,0.20
2022-03-31,VMFXX,0.17
2022-03-31,VMSXX,0.35
2022-03-31,VUSXX,0.20
2022-04-01,VMFXX,0.18
2022-04-01,VMSXX,0.35
2022-04-01,VUSXX,0.21
2022-04-04,VMFXX,0.18
2022-04-04,VMSXX,0.35
2022-04-04,VUSXX,0.22
2022-04-05,VMFXX,0.19
2022-04-05,VMSXX,0.35
2022-04-05,VUSXX,0.22
2022-04-06,VMFXX,0.19
2022-04-06,VMSXX,0.34
2022-04-06,VUSXX,0.22
2022-04-07,VMFXX,0.19
2022-04-07,VMSXX,0.34
2022-04-07,VUSXX,0.23
2022-04-08,VMFXX,0.19
2022-04-08,VMSXX,0.31
2022-04-08,VUSXX,0.24
2022-04-11,VMFXX,0.19
2022-04-11,VMSXX,0.31
2022-04-11,VUSXX,0.25
2022-04-12,VMFXX,0.20
2022-04-12,VMSXX,0.31
2022-04-12,VUSXX,0.26
2022-04-13,VMFXX,0.20
2022-04-13,VMSXX,0.30
2022-04-13,VUSXX,0.27
2022-04-14,VMFXX,0.21
2022-04-14,VMSXX,0.31
2022-04-14,VUSXX,0.31
2022-04-18,VMFXX,0.21
2022-04-18,VMSXX,0.32
2022-04-18,VUSXX,0.32
2022-04-19,VMFXX,0.21
2022-04-19,VMSXX,0.32
2022-04-19,VUSXX,0.32
2022-04-20,VMFXX,0.21
2022-04-20,VMSXX,0.32
2022-04-20,VUSXX,0.33
2022-04-21,VMFXX,0.22
2022-04-21,VMSXX,0.33
2022-04-21,VUSXX,0.34
2022-04-22,VMFXX,0.23
2022-04-22,VMSXX,0.33
2022-04-22,VUSXX,0.37
2022-04-25,VMFXX,0.23
2022-04-25,VMSXX,0.33
2022-04-25,VUSXX,0.38
2022-04-26,VMFXX,0.24
2022-04-26,VMSXX,0.33
2022-04-26,VUSXX,0.39
2022-04-27,VMFXX,0.24
2022-04-27,VMSXX,0.33
2022-04-27,VUSXX,0.40
2022-04-28,VMFXX,0.24
2022-04-28,VMSXX,0.33
2022-04-28,VUSXX,0.40
2022-04-29,VMFXX,0.25
2022-04-29,VMSXX,0.32
2022-04-29,VUSXX,0.42
2022-05-02,VMFXX,0.26
2022-05-02,VMSXX,0.32
2022-05-02,VUSXX,0.43
2022-05-03,VMFXX,0.26
2022-05-03,VMSXX,0.32
2022-05-03,VUSXX,0.43
2022-05-04,VMFXX,0.26
2022-05-04,VMSXX,0.32
2022-05-04,VUSXX,0.43
2022-05-05,VMFXX,0.31
2022-05-05,VMSXX,0.34
2022-05-05,VUSXX,0.44
2022-05-06,VMFXX,0.47
2022-05-06,VMSXX,0.41
2022-05-06,VUSXX,0.45
2022-05-09,VMFXX,0.53
2022-05-09,VMSXX,0.43
2022-05-09,VUSXX,0.46
2022-05-10,VMFXX,0.58
2022-05-10,VMSXX,0.46
2022-05-10,VUSXX,0.46
2022-05-11,VMFXX,0.63
2022-05-11,VMSXX,0.48
2022-05-11,VUSXX,0.47
2022-05-12,VMFXX,0.64
2022-05-12,VMSXX,0.51
2022-05-12,VUSXX,0.48
2022-05-13,VMFXX,0.65
2022-05-13,VMSXX,0.58
2022-05-13,VUSXX,0.50
2022-05-16,VMFXX,0.65
2022-05-16,VMSXX,0.60
2022-05-16,VUSXX,0.51
2022-05-17,VMFXX,0.65
2022-05-17,VMSXX,0.63
2022-05-17,VUSXX,0.52
2022-05-18,VMFXX,0.66
2022-05-18,VMSXX,0.65
2022-05-18,VUSXX,0.53
2022-05-19,VMFXX,0.66
2022-05-19,VMSXX,0.65
2022-05-19,VUSXX,0.54
2022-05-20,VMFXX,0.67
2022-05-20,VMSXX,0.67
2022-05-20,VUSXX,0.57
2022-05-23,VMFXX,0.67
2022-05-23,VMSXX,0.68
2022-05-23,VUSXX,0.58
2022-05-24,VMFXX,0.67
2022-05-24,VMSXX,0.68
2022-05-24,VUSXX,0.58
2022-05-25,VMFXX,0.67
2022-05-25,VMSXX,0.68
2022-05-25,VUSXX,0.59
2022-05-26,VMFXX,0.67
2022-05-26,VMSXX,0.68
2022-05-26,VUSXX,0.60
2022-05-27,VMFXX,0.69
2022-05-27,VMSXX,0.66
2022-05-27,VUSXX,0.64
2022-05-31,VMFXX,0.69
2022-05-31,VMSXX,0.66
2022-05-31,VUSXX,0.65
2022-06-01,VMFXX,0.70
2022-06-01,VMSXX,0.65
2022-06-01,VUSXX,0.66
2022-06-02,VMFXX,0.70
2022-06-02,VMSXX,0.63
2022-06-02,VUSXX,0.67
2022-06-03,VMFXX,0.71
2022-06-03,VMSXX,0.58
2022-06-03,VUSXX,0.70
2022-06-06,VMFXX,0.71
2022-06-06,VMSXX,0.56
2022-06-06,VUSXX,0.70
2022-06-07,VMFXX,0.72
2022-06-07,VMSXX,0.55
2022-06-07,VUSXX,0.72
2022-06-08,VMFXX,0.72
2022-06-08,VMSXX,0.53
2022-06-08,VUSXX,0.73
2022-06-09,VMFXX,0.73
2022-06-09,VMSXX,0.53
2022-06-09,VUSXX,0.75
2022-06-10,VMFXX,0.74
2022-06-10,VMSXX,0.50
2022-06-10,VUSXX,0.79
2022-06-13,VMFXX,0.75
2022-06-13,VMSXX,0.50
2022-06-13,VUSXX,0.81
2022-06-14,VMFXX,0.76
2022-06-14,VMSXX,0.49
2022-06-14,VUSXX,0.83
2022-06-15,VMFXX,0.77
2022-06-15,VMSXX,0.50
2022-06-15,VUSXX,0.85
2022-06-16,VMFXX,0.84
2022-06-16,VMSXX,0.55
2022-06-16,VUSXX,0.87
2022-06-17,VMFXX,1.19
2022-06-17,VMSXX,0.74
2022-06-17,VUSXX,0.94
2022-06-21,VMFXX,1.27
2022-06-21,VMSXX,0.79
2022-06-21,VUSXX,0.96
2022-06-22,VMFXX,1.35
2022-06-22,VMSXX,0.82
2022-06-22,VUSXX,0.97
2022-06-23,VMFXX,1.36
2022-06-23,VMSXX,0.82
2022-06-23,VUSXX,0.99
2022-06-24,VMFXX,1.38
2022-06-24,VMSXX,0.82
2022-06-24,VUSXX,1.03
2022-06-27,VMFXX,1.38
2022-06-27,VMSXX,0.82
2022-06-27,VUSXX,1.04
2022-06-28,VMFXX,1.38
2022-06-28,VMSXX,0.82
2022-06-28,VUSXX,1.06
2022-06-29,VMFXX,1.39
2022-06-29,VMSXX,0.82
2022-06-29,VUSXX,1.07
2022-06-30,VMFXX,1.39
2022-06-30,VMSXX,0.82
2022-06-30,VUSXX,1.08
2022-07-01,VMFXX,1.41
2022-07-01,VMSXX,0.78
2022-07-01,VUSXX,1.11
2022-07-05,VMFXX,1.42
2022-07-05,VMSXX,0.77
2022-07-05,VUSXX,1.13
2022-07-06,VMFXX,1.42
2022-07-06,VMSXX,0.75
2022-07-06,VUSXX,1.14
2022-07-07,VMFXX,1.43
2022-07-07,VMSXX,0.73
2022-07-07,VUSXX,1.16
2022-07-08,VMFXX,1.44
2022-07-08,VMSXX,0.68
2022-07-08,VUSXX,1.22
2022-07-11,VMFXX,1.45
2022-07-11,VMSXX,0.66
2022-07-11,VUSXX,1.24
2022-07-12,VMFXX,1.46
2022-07-12,VMSXX,0.65
2022-07-12,VUSXX,1.27
2022-07-13,VMFXX,1.46
2022-07-13,VMSXX,0.63
2022-07-13,VUSXX,1.30
2022-07-14,VMFXX,1.47
2022-07-14,VMSXX,0.62
2022-07-14,VUSXX,1.32
2022-07-15,VMFXX,1.49
2022-07-15,VMSXX,0.59
2022-07-15,VUSXX,1.39
2022-07-18,VMFXX,1.49
2022-07-18,VMSXX,0.57
2022-07-18,VUSXX,1.42
2022-07-19,VMFXX,1.50
2022-07-19,VMSXX,0.56
2022-07-19,VUSXX,1.43
2022-07-20,VMFXX,1.50
2022-07-20,VMSXX,0.55
2022-07-20,VUSXX,1.45
2022-07-21,VMFXX,1.51
2022-07-21,VMSXX,0.55
2022-07-21,VUSXX,1.46
2022-07-22,VMFXX,1.52
2022-07-22,VMSXX,0.54
2022-07-22,VUSXX,1.51
2022-07-25,VMFXX,1.53
2022-07-25,VMSXX,0.55
2022-07-25,VUSXX,1.53
2022-07-26,VMFXX,1.53
2022-07-26,VMSXX,0.55
2022-07-26,VUSXX,1.54
2022-07-27,VMFXX,1.53
2022-07-27,VMSXX,0.58
2022-07-27,VUSXX,1.56
2022-07-28,VMFXX,1.60
2022-07-28,VMSXX,0.68
2022-07-28,VUSXX,1.58
2022-07-29,VMFXX,1.84
2022-07-29,VMSXX,0.99
2022-07-29,VUSXX,1.62
2022-08-01,VMFXX,1.92
2022-08-01,VMSXX,1.09
2022-08-01,VUSXX,1.63
2022-08-02,VMFXX,2.00
2022-08-02,VMSXX,1.19
2022-08-02,VUSXX,1.65
2022-08-03,VMFXX,2.08
2022-08-03,VMSXX,1.27
2022-08-03,VUSXX,1.66
2022-08-04,VMFXX,2.09
2022-08-04,VMSXX,1.31
2022-08-04,VUSXX,1.67
2022-08-05,VMFXX,2.10
2022-08-05,VMSXX,1.44
2022-08-05,VUSXX,1.70
2022-08-08,VMFXX,2.10
2022-08-08,VMSXX,1.48
2022-08-08,VUSXX,1.71
2022-08-09,VMFXX,2.10
2022-08-09,VMSXX,1.52
2022-08-09,VUSXX,1.72
2022-08-10,VMFXX,2.10
2022-08-10,VMSXX,1.56
2022-08-10,VUSXX,1.73
2022-08-11,VMFXX,2.10
2022-08-11,VMSXX,1.58
2022-08-11,VUSXX,1.75
2022-08-12,VMFXX,2.11
2022-08-12,VMSXX,1.64
2022-08-12,VUSXX,1.80
2022-08-15,VMFXX,2.11
2022-08-15,VMSXX,1.66
2022-08-15,VUSXX,1.82
2022-08-16,VMFXX,2.11
2022-08-16,VMSXX,1.68
2022-08-16,VUSXX,1.84
2022-08-17,VMFXX,2.11
2022-08-17,VMSXX,1.69
2022-08-17,VUSXX,1.86
2022-08-18,VMFXX,2.11
2022-08-18,VMSXX,1.68
2022-08-18,VUSXX,1.87
2022-08-19,VMFXX,2.11
2022-08-19,VMSXX,1.65
2022-08-19,VUSXX,1.91
2022-08-22,VMFXX,2.11
2022-08-22,VMSXX,1.64
2022-08-22,VUSXX,1.92
2022-08-23,VMFXX,2.12
2022-08-23,VMSXX,1.63
2022-08-23,VUSXX,1.93
2022-08-24,VMFXX,2.12
2022-08-24,VMSXX,1.62
2022-08-24,VUSXX,1.94
2022-08-25,VMFXX,2.12
2022-08-25,VMSXX,1.61
2022-08-25,VUSXX,1.95
2022-08-26,VMFXX,2.13
2022-08-26,VMSXX,1.56
2022-08-26,VUSXX,2.00
2022-08-29,VMFXX,2.13
2022-08-29,VMSXX,1.54
2022-08-29,VUSXX,2.01
2022-08-30,VMFXX,2.13
2022-08-30,VMSXX,1.52
2022-08-30,VUSXX,2.03
2022-08-31,VMFXX,2.14
2022-08-31,VMSXX,1.50
2022-08-31,VUSXX,2.05
2022-09-01,VMFXX,2.14
2022-09-01,VMSXX,1.48
2022-09-01,VUSXX,2.06
2022-09-02,VMFXX,2.15
2022-09-02,VMSXX,1.38
2022-09-02,VUSXX,2.13
2022-09-06,VMFXX,2.14
2022-09-06,VMSXX,1.36
2022-09-06,VUSXX,2.14
2022-09-07,VMFXX,2.15
2022-09-07,VMSXX,1.33
2022-09-07,VUSXX,2.15
2022-09-08,VMFXX,2.15
2022-09-08,VMSXX,1.32
2022-09-08,VUSXX,2.17
2022-09-09,VMFXX,2.15
2022-09-09,VMSXX,1.27
2022-09-09,VUSXX,2.21
2022-09-12,VMFXX,2.15
2022-09-12,VMSXX,1.26
2022-09-12,VUSXX,2.23
2022-09-13,VMFXX,2.15
2022-09-13,VMSXX,1.25
2022-09-13,VUSXX,2.25
2022-09-14,VMFXX,2.16
2022-09-14,VMSXX,1.24
2022-09-14,VUSXX,2.27
2022-09-15,VMFXX,2.16
2022-09-15,VMSXX,1.25
2022-09-15,VUSXX,2.28
2022-09-16,VMFXX,2.16
2022-09-16,VMSXX,1.28
2022-09-16,VUSXX,2.31
2022-09-19,VMFXX,2.16
2022-09-19,VMSXX,1.29
2022-09-19,VUSXX,2.32
2022-09-20,VMFXX,2.17
2022-09-20,VMSXX,1.31
2022-09-20,VUSXX,2.34
2022-09-21,VMFXX,2.17
2022-09-21,VMSXX,1.34
2022-09-21,VUSXX,2.36
2022-09-22,VMFXX,2.24
2022-09-22,VMSXX,1.41
2022-09-22,VUSXX,2.38
2022-09-23,VMFXX,2.49
2022-09-23,VMSXX,1.64
2022-09-23,VUSXX,2.43
2022-09-26,VMFXX,2.58
2022-09-26,VMSXX,1.71
2022-09-26,VUSXX,2.45
2022-09-27,VMFXX,2.66
2022-09-27,VMSXX,1.79
2022-09-27,VUSXX,2.47
2022-09-28,VMFXX,2.75
2022-09-28,VMSXX,1.87
2022-09-28,VUSXX,2.48
2022-09-29,VMFXX,2.76
2022-09-29,VMSXX,1.94
2022-09-29,VUSXX,2.50
2022-09-30,VMFXX,2.77
2022-09-30,VMSXX,2.18
2022-09-30,VUSXX,2.55
2022-10-03,VMFXX,2.77
2022-10-03,VMSXX,2.25
2022-10-03,VUSXX,2.56
2022-10-04,VMFXX,2.77
2022-10-04,VMSXX,2.33
2022-10-04,VUSXX,2.58
2022-10-05,VMFXX,2.77
2022-10-05,VMSXX,2.37
2022-10-05,VUSXX,2.60
2022-10-06,VMFXX,2.78
2022-10-06,VMSXX,2.37
2022-10-06,VUSXX,2.62
2022-10-07,VMFXX,2.79
2022-10-07,VMSXX,2.33
2022-10-07,VUSXX,2.67
2022-10-10,VMFXX,2.79
2022-10-10,VMSXX,2.32
2022-10-10,VUSXX,2.70
2022-10-11,VMFXX,2.79
2022-10-11,VMSXX,2.30
2022-10-11,VUSXX,2.71
2022-10-12,VMFXX,2.80
2022-10-12,VMSXX,2.30
2022-10-12,VUSXX,2.73
2022-10-13,VMFXX,2.80
2022-10-13,VMSXX,2.29
2022-10-13,VUSXX,2.74
2022-10-14,VMFXX,2.82
2022-10-14,VMSXX,2.28
2022-10-14,VUSXX,2.80
2022-10-17,VMFXX,2.83
2022-10-17,VMSXX,2.28
2022-10-17,VUSXX,2.81
2022-10-18,VMFXX,2.83
2022-10-18,VMSXX,2.28
2022-10-18,VUSXX,2.84
2022-10-19,VMFXX,2.84
2022-10-19,VMSXX,2.27
2022-10-19,VUSXX,2.86
2022-10-20,VMFXX,2.85
2022-10-20,VMSXX,2.26
2022-10-20,VUSXX,2.88
2022-10-21,VMFXX,2.87
2022-10-21,VMSXX,2.24
2022-10-21,VUSXX,2.94
2022-10-24,VMFXX,2.88
2022-10-24,VMSXX,2.23
2022-10-24,VUSXX,2.96
2022-10-25,VMFXX,2.88
2022-10-25,VMSXX,2.22
2022-10-25,VUSXX,2.99
2022-10-26,VMFXX,2.89
2022-10-26,VMSXX,2.20
2022-10-26,VUSXX,3.01
2022-10-27,VMFXX,2.89
2022-10-27,VMSXX,2.18
2022-10-27,VUSXX,3.03
2022-10-28,VMFXX,2.90
2022-10-28,VMSXX,2.12
2022-10-28,VUSXX,3.10
2022-10-31,VMFXX,2.90
2022-10-31,VMSXX,2.10
2022-10-31,VUSXX,3.11
2022-11-01,VMFXX,2.90
2022-11-01,VMSXX,2.07
2022-11-01,VUSXX,3.12
2022-11-02,VMFXX,2.91
2022-11-02,VMSXX,2.06
2022-11-02,VUSXX,3.14
2022-11-03,VMFXX,2.98
2022-11-03,VMSXX,2.07
2022-11-03,VUSXX,3.15
2022-11-04,VMFXX,3.24
2022-11-04,VMSXX,2.10
2022-11-04,VUSXX,3.20
2022-11-07,VMFXX,3.34
2022-11-07,VMSXX,2.11
2022-11-07,VUSXX,3.22
2022-11-08,VMFXX,3.43
2022-11-08,VMSXX,2.12
2022-11-08,VUSXX,3.25
2022-11-09,VMFXX,3.52
2022-11-09,VMSXX,2.12
2022-11-09,VUSXX,3.27
2022-11-10,VMFXX,3.55
2022-11-10,VMSXX,2.09
2022-11-10,VUSXX,3.30
2022-11-11,VMFXX,3.57
2022-11-11,VMSXX,2.01
2022-11-11,VUSXX,3.38
2022-11-14,VMFXX,3.58
2022-11-14,VMSXX,1.99
2022-11-14,VUSXX,3.40
2022-11-15,VMFXX,3.59
2022-11-15,VMSXX,1.97
2022-11-15,VUSXX,3.42
2022-11-16,VMFXX,3.59
2022-11-16,VMSXX,1.94
2022-11-16,VUSXX,3.43
2022-11-17,VMFXX,3.60
2022-11-17,VMSXX,1.92
2022-11-17,VUSXX,3.45
2022-11-18,VMFXX,3.61
2022-11-18,VMSXX,1.86
2022-11-18,VUSXX,3.49
2022-11-21,VMFXX,3.62
2022-11-21,VMSXX,1.83
2022-11-21,VUSXX,3.50
2022-11-22,VMFXX,3.63
2022-11-22,VMSXX,1.81
2022-11-22,VUSXX,3.52
2022-11-23,VMFXX,3.64
2022-11-23,VMSXX,1.80
2022-11-23,VUSXX,3.56
2022-11-25,VMFXX,3.67
2022-11-25,VMSXX,1.76
2022-11-25,VUSXX,3.61
2022-11-28,VMFXX,3.68
2022-11-28,VMSXX,1.75
2022-11-28,VUSXX,3.63
2022-11-29,VMFXX,3.68
2022-11-29,VMSXX,1.73
2022-11-29,VUSXX,3.65
2022-11-30,VMFXX,3.69
2022-11-30,VMSXX,1.72
2022-11-30,VUSXX,3.67
2022-12-01,VMFXX,3.70
2022-12-01,VMSXX,1.70
2022-12-01,VUSXX,3.69
2022-12-02,VMFXX,3.70
2022-12-02,VMSXX,1.69
2022-12-02,VUSXX,3.74
2022-12-05,VMFXX,3.70
2022-12-05,VMSXX,1.69
2022-12-05,VUSXX,3.76
2022-12-06,VMFXX,3.71
2022-12-06,VMSXX,1.69
2022-12-06,VUSXX,3.77
2022-12-07,VMFXX,3.71
2022-12-07,VMSXX,1.71
2022-12-07,VUSXX,3.78
2022-12-08,VMFXX,3.72
2022-12-08,VMSXX,1.78
2022-12-08,VUSXX,3.79
2022-12-09,VMFXX,3.74
2022-12-09,VMSXX,1.99
2022-12-09,VUSXX,3.83
2022-12-12,VMFXX,3.74
2022-12-12,VMSXX,2.06
2022-12-12,VUSXX,3.84
2022-12-13,VMFXX,3.75
2022-12-13,VMSXX,2.14
2022-12-13,VUSXX,3.85
2022-12-14,VMFXX,3.75
2022-12-14,VMSXX,2.26
2022-12-14,VUSXX,3.85
2022-12-15,VMFXX,3.80
2022-12-15,VMSXX,2.47
2022-12-15,VUSXX,3.86
2022-12-16,VMFXX,3.99
2022-12-16,VMSXX,3.08
2022-12-16,VUSXX,3.89
2022-12-19,VMFXX,4.05
2022-12-19,VMSXX,3.27
2022-12-19,VUSXX,3.90
2022-12-20,VMFXX,4.12
2022-12-20,VMSXX,3.46
2022-12-20,VUSXX,3.91
2022-12-21,VMFXX,4.18
2022-12-21,VMSXX,3.60
2022-12-21,VUSXX,3.92
2022-12-22,VMFXX,4.20
2022-12-22,VMSXX,3.61
2022-12-22,VUSXX,3.93
2022-12-23,VMFXX,4.20
2022-12-23,VMSXX,3.63
2022-12-23,VUSXX,3.96
2022-12-27,VMFXX,4.21
2022-12-27,VMSXX,3.63
2022-12-27,VUSXX,3.96
2022-12-28,VMFXX,4.21
2022-12-28,VMSXX,3.63
2022-12-28,VUSXX,3.96
2022-12-29,VMFXX,4.21
2022-12-29,VMSXX,3.61
2022-12-29,VUSXX,3.97
2022-12-30,VMFXX,4.21
2022-12-30,VMSXX,3.52
2022-12-30,VUSXX,3.98
2023-01-03,VMFXX,4.21
2023-01-03,VMSXX,3.51
2023-01-03,VUSXX,3.99
2023-01-04,VMFXX,4.21
2023-01-04,VMSXX,3.47
2023-01-04,VUSXX,4.01
2023-01-05,VMFXX,4.21
2023-01-05,VMSXX,3.39
2023-01-05,VUSXX,4.02
2023-01-06,VMFXX,4.22
2023-01-06,VMSXX,3.16
2023-01-06,VUSXX,4.06
2023-01-09,VMFXX,4.22
2023-01-09,VMSXX,3.08
2023-01-09,VUSXX,4.07
2023-01-10,VMFXX,4.23
2023-01-10,VMSXX,2.99
2023-01-10,VUSXX,4.08
2023-01-11,VMFXX,4.23
2023-01-11,VMSXX,2.92
2023-01-11,VUSXX,4.09
2023-01-12,VMFXX,4.24
2023-01-12,VMSXX,2.83
2023-01-12,VUSXX,4.11
2023-01-13,VMFXX,4.26
2023-01-13,VMSXX,2.47
2023-01-13,VUSXX,4.15
2023-01-17,VMFXX,4.27
2023-01-17,VMSXX,2.39
2023-01-17,VUSXX,4.17
2023-01-18,VMFXX,4.27
2023-01-18,VMSXX,2.30
2023-01-18,VUSXX,4.18
2023-01-19,VMFXX,4.27
2023-01-19,VMSXX,2.21
2023-01-19,VUSXX,4.19
2023-01-20,VMFXX,4.28
2023-01-20,VMSXX,1.95
2023-01-20,VUSXX,4.23
2023-01-23,VMFXX,4.28
2023-01-23,VMSXX,1.86
2023-01-23,VUSXX,4.24
2023-01-24,VMFXX,4.29
2023-01-24,VMSXX,1.77
2023-01-24,VUSXX,4.25
2023-01-25,VMFXX,4.29
2023-01-25,VMSXX,1.70
2023-01-25,VUSXX,4.26
2023-01-26,VMFXX,4.29
2023-01-26,VMSXX,1.67
2023-01-26,VUSXX,4.27
2023-01-27,VMFXX,4.29
2023-01-27,VMSXX,1.60
2023-01-27,VUSXX,4.31
2023-01-30,VMFXX,4.30
2023-01-30,VMSXX,1.57
2023-01-30,VUSXX,4.32
2023-01-31,VMFXX,4.30
2023-01-31,VMSXX,1.55
2023-01-31,VUSXX,4.32
2023-02-01,VMFXX,4.30
2023-02-01,VMSXX,1.55
2023-02-01,VUSXX,4.32
2023-02-02,VMFXX,4.32
2023-02-02,VMSXX,1.58
2023-02-02,VUSXX,4.33
2023-02-03,VMFXX,4.40
2023-02-03,VMSXX,1.69
2023-02-03,VUSXX,4.36
2023-02-06,VMFXX,4.43
2023-02-06,VMSXX,1.74
2023-02-06,VUSXX,4.36
2023-02-07,VMFXX,4.46
2023-02-07,VMSXX,1.80
2023-02-07,VUSXX,4.38
2023-02-08,VMFXX,4.48
2023-02-08,VMSXX,1.92
2023-02-08,VUSXX,4.40
2023-02-09,VMFXX,4.49
2023-02-09,VMSXX,2.18
2023-02-09,VUSXX,4.40
2023-02-10,VMFXX,4.50
2023-02-10,VMSXX,2.95
2023-02-10,VUSXX,4.43
2023-02-13,VMFXX,4.50
2023-02-13,VMSXX,3.19
2023-02-13,VUSXX,4.44
2023-02-14,VMFXX,4.50
2023-02-14,VMSXX,3.43
2023-02-14,VUSXX,4.44
2023-02-15,VMFXX,4.51
2023-02-15,VMSXX,3.60
2023-02-15,VUSXX,4.45
2023-02-16,VMFXX,4.51
2023-02-16,VMSXX,3.63
2023-02-16,VUSXX,4.46
2023-02-17,VMFXX,4.51
2023-02-17,VMSXX,3.74
2023-02-17,VUSXX,4.50
2023-02-21,VMFXX,4.51
2023-02-21,VMSXX,3.76
2023-02-21,VUSXX,4.51
2023-02-22,VMFXX,4.51
2023-02-22,VMSXX,3.74
2023-02-22,VUSXX,4.52
2023-02-23,VMFXX,4.52
2023-02-23,VMSXX,3.66
2023-02-23,VUSXX,4.52
2023-02-24,VMFXX,4.52
2023-02-24,VMSXX,3.43
2023-02-24,VUSXX,4.55
2023-02-27,VMFXX,4.52
2023-02-27,VMSXX,3.34
2023-02-27,VUSXX,4.56
2023-02-28,VMFXX,4.52
2023-02-28,VMSXX,3.26
2023-02-28,VUSXX,4.56
2023-03-01,VMFXX,4.52
2023-03-01,VMSXX,3.19
2023-03-01,VUSXX,4.56
2023-03-02,VMFXX,4.52
2023-03-02,VMSXX,3.10
2023-03-02,VUSXX,4.56
2023-03-03,VMFXX,4.52
2023-03-03,VMSXX,2.84
2023-03-03,VUSXX,4.56
2023-03-06,VMFXX,4.51
2023-03-06,VMSXX,2.75
2023-03-06,VUSXX,4.55
2023-03-07,VMFXX,4.51
2023-03-07,VMSXX,2.66
2023-03-07,VUSXX,4.55
2023-03-08,VMFXX,4.51
2023-03-08,VMSXX,2.58
2023-03-08,VUSXX,4.55
2023-03-09,VMFXX,4.52
2023-03-09,VMSXX,2.50
2023-03-09,VUSXX,4.56
2023-03-10,VMFXX,4.52
2023-03-10,VMSXX,2.26
2023-03-10,VUSXX,4.56
2023-03-13,VMFXX,4.52
2023-03-13,VMSXX,2.19
2023-03-13,VUSXX,4.57
2023-03-14,VMFXX,4.53
2023-03-14,VMSXX,2.12
2023-03-14,VUSXX,4.57
2023-03-15,VMFXX,4.53
2023-03-15,VMSXX,2.09
2023-03-15,VUSXX,4.57
2023-03-16,VMFXX,4.53
2023-03-16,VMSXX,2.16
2023-03-16,VUSXX,4.58
2023-03-17,VMFXX,4.54
2023-03-17,VMSXX,2.44
2023-03-17,VUSXX,4.58
2023-03-20,VMFXX,4.54
2023-03-20,VMSXX,2.55
2023-03-20,VUSXX,4.59
2023-03-21,VMFXX,4.55
2023-03-21,VMSXX,2.65
2023-03-21,VUSXX,4.59
2023-03-22,VMFXX,4.55
2023-03-22,VMSXX,2.81
2023-03-22,VUSXX,4.59
2023-03-23,VMFXX,4.57
2023-03-23,VMSXX,3.03
2023-03-23,VUSXX,4.61
2023-03-24,VMFXX,4.65
2023-03-24,VMSXX,3.65
2023-03-24,VUSXX,4.66
2023-03-27,VMFXX,4.68
2023-03-27,VMSXX,3.85
2023-03-27,VUSXX,4.68
2023-03-28,VMFXX,4.72
2023-03-28,VMSXX,4.04
2023-03-28,VUSXX,4.69
2023-03-29,VMFXX,4.75
2023-03-29,VMSXX,4.15
2023-03-29,VUSXX,4.71
2023-03-30,VMFXX,4.76
2023-03-30,VMSXX,4.10
2023-03-30,VUSXX,4.71
2023-03-31,VMFXX,4.77
2023-03-31,VMSXX,3.93
2023-03-31,VUSXX,4.70
2023-04-03,VMFXX,4.77
2023-04-03,VMSXX,3.87
2023-04-03,VUSXX,4.69
2023-04-04,VMFXX,4.77
2023-04-04,VMSXX,3.81
2023-04-04,VUSXX,4.69
2023-04-05,VMFXX,4.76
2023-04-05,VMSXX,3.71
2023-04-05,VUSXX,4.70
2023-04-06,VMFXX,4.75
2023-04-06,VMSXX,3.18
2023-04-06,VUSXX,4.69
2023-04-10,VMFXX,4.75
2023-04-10,VMSXX,3.06
2023-04-10,VUSXX,4.69
2023-04-11,VMFXX,4.75
2023-04-11,VMSXX,2.93
2023-04-11,VUSXX,4.70
2023-04-12,VMFXX,4.75
2023-04-12,VMSXX,2.81
2023-04-12,VUSXX,4.70
2023-04-13,VMFXX,4.75
2023-04-13,VMSXX,2.69
2023-04-13,VUSXX,4.70
2023-04-14,VMFXX,4.76
2023-04-14,VMSXX,2.34
2023-04-14,VUSXX,4.63
2023-04-17,VMFXX,4.76
2023-04-17,VMSXX,2.23
2023-04-17,VUSXX,4.63
2023-04-18,VMFXX,4.76
2023-04-18,VMSXX,2.12
2023-04-18,VUSXX,4.63
2023-04-19,VMFXX,4.76
2023-04-19,VMSXX,2.08
2023-04-19,VUSXX,4.63
2023-04-20,VMFXX,4.76
2023-04-20,VMSXX,2.18
2023-04-20,VUSXX,4.62
2023-04-21,VMFXX,4.77
2023-04-21,VMSXX,2.52
2023-04-21,VUSXX,4.68
2023-04-24,VMFXX,4.77
2023-04-24,VMSXX,2.64
2023-04-24,VUSXX,4.68
2023-04-25,VMFXX,4.78
2023-04-25,VMSXX,2.76
2023-04-25,VUSXX,4.68
2023-04-26,VMFXX,4.78
2023-04-26,VMSXX,2.90
2023-04-26,VUSXX,4.67
2023-04-27,VMFXX,4.78
2023-04-27,VMSXX,3.03
2023-04-27,VUSXX,4.67
2023-04-28,VMFXX,4.78
2023-04-28,VMSXX,3.40
2023-04-28,VUSXX,4.65
2023-05-01,VMFXX,4.77
2023-05-01,VMSXX,3.51
2023-05-01,VUSXX,4.64
2023-05-02,VMFXX,4.77
2023-05-02,VMSXX,3.61
2023-05-02,VUSXX,4.64
2023-05-03,VMFXX,4.77
2023-05-03,VMSXX,3.65
2023-05-03,VUSXX,4.64
2023-05-04,VMFXX,4.79
2023-05-04,VMSXX,3.59
2023-05-04,VUSXX,4.65
2023-05-05,VMFXX,4.89
2023-05-05,VMSXX,3.39
2023-05-05,VUSXX,4.71
2023-05-08,VMFXX,4.93
2023-05-08,VMSXX,3.33
2023-05-08,VUSXX,4.73
2023-05-09,VMFXX,4.96
2023-05-09,VMSXX,3.26
2023-05-09,VUSXX,4.75
2023-05-10,VMFXX,5.00
2023-05-10,VMSXX,3.20
2023-05-10,VUSXX,4.77
2023-05-11,VMFXX,5.01
2023-05-11,VMSXX,3.15
2023-05-11,VUSXX,4.78
2023-05-12,VMFXX,5.02
2023-05-12,VMSXX,3.01
2023-05-12,VUSXX,4.81
2023-05-15,VMFXX,5.02
2023-05-15,VMSXX,2.96
2023-05-15,VUSXX,4.82
2023-05-16,VMFXX,5.02
2023-05-16,VMSXX,2.92
2023-05-16,VUSXX,4.84
2023-05-17,VMFXX,5.02
2023-05-17,VMSXX,2.89
2023-05-17,VUSXX,4.85
2023-05-18,VMFXX,5.02
2023-05-18,VMSXX,2.87
2023-05-18,VUSXX,4.86
2023-05-19,VMFXX,5.02
2023-05-19,VMSXX,2.83
2023-05-19,VUSXX,4.89
2023-05-22,VMFXX,5.02
2023-05-22,VMSXX,2.82
2023-05-22,VUSXX,4.90
2023-05-23,VMFXX,5.03
2023-05-23,VMSXX,2.81
2023-05-23,VUSXX,4.92
2023-05-24,VMFXX,5.03
2023-05-24,VMSXX,2.83
2023-05-24,VUSXX,4.94
2023-05-25,VMFXX,5.03
2023-05-25,VMSXX,2.90
2023-05-25,VUSXX,4.96
2023-05-26,VMFXX,5.04
2023-05-26,VMSXX,3.19
2023-05-26,VUSXX,5.03
2023-05-30,VMFXX,5.04
2023-05-30,VMSXX,3.27
2023-05-30,VUSXX,5.04
2023-05-31,VMFXX,5.04
2023-05-31,VMSXX,3.33
2023-05-31,VUSXX,5.05
2023-06-01,VMFXX,5.04
2023-06-01,VMSXX,3.35
2023-06-01,VUSXX,5.06
2023-06-02,VMFXX,5.04
2023-06-02,VMSXX,3.38
2023-06-02,VUSXX,5.07
2023-06-05,VMFXX,5.04
2023-06-05,VMSXX,3.38
2023-06-05,VUSXX,5.07
2023-06-06,VMFXX,5.04
2023-06-06,VMSXX,3.38
2023-06-06,VUSXX,5.07
2023-06-07,VMFXX,5.04
2023-06-07,VMSXX,3.33
2023-06-07,VUSXX,5.06
2023-06-08,VMFXX,5.03
2023-06-08,VMSXX,3.23
2023-06-08,VUSXX,5.06
2023-06-09,VMFXX,5.03
2023-06-09,VMSXX,2.95
2023-06-09,VUSXX,5.06
2023-06-12,VMFXX,5.03
2023-06-12,VMSXX,2.86
2023-06-12,VUSXX,5.06
2023-06-13,VMFXX,5.03
2023-06-13,VMSXX,2.78
2023-06-13,VUSXX,5.06
2023-06-14,VMFXX,5.03
2023-06-14,VMSXX,2.75
2023-06-14,VUSXX,5.06
2023-06-15,VMFXX,5.03
2023-06-15,VMSXX,2.80
2023-06-15,VUSXX,5.06
2023-06-16,VMFXX,5.04
2023-06-16,VMSXX,3.05
2023-06-16,VUSXX,5.05
2023-06-20,VMFXX,5.04
2023-06-20,VMSXX,3.11
2023-06-20,VUSXX,5.06
2023-06-21,VMFXX,5.04
2023-06-21,VMSXX,3.20
2023-06-21,VUSXX,5.06
2023-06-22,VMFXX,5.04
2023-06-22,VMSXX,3.33
2023-06-22,VUSXX,5.06
2023-06-23,VMFXX,5.04
2023-06-23,VMSXX,3.72
2023-06-23,VUSXX,5.06
2023-06-26,VMFXX,5.04
2023-06-26,VMSXX,3.84
2023-06-26,VUSXX,5.06
2023-06-27,VMFXX,5.04
2023-06-27,VMSXX,3.96
2023-06-27,VUSXX,5.06
2023-06-28,VMFXX,5.04
2023-06-28,VMSXX,4.03
2023-06-28,VUSXX,5.06
2023-06-29,VMFXX,5.05
2023-06-29,VMSXX,4.00
2023-06-29,VUSXX,5.06
2023-06-30,VMFXX,5.05
2023-06-30,VMSXX,3.90
2023-06-30,VUSXX,5.06
2023-07-03,VMFXX,5.05
2023-07-03,VMSXX,3.83
2023-07-03,VUSXX,5.05
2023-07-05,VMFXX,5.05
2023-07-05,VMSXX,3.77
2023-07-05,VUSXX,5.05
2023-07-06,VMFXX,5.05
2023-07-06,VMSXX,3.66
2023-07-06,VUSXX,5.05
2023-07-07,VMFXX,5.04
2023-07-07,VMSXX,3.31
2023-07-07,VUSXX,5.05
2023-07-10,VMFXX,5.04
2023-07-10,VMSXX,3.19
2023-07-10,VUSXX,5.05
2023-07-11,VMFXX,5.05
2023-07-11,VMSXX,3.07
2023-07-11,VUSXX,5.05
2023-07-12,VMFXX,5.05
2023-07-12,VMSXX,2.95
2023-07-12,VUSXX,5.05
2023-07-13,VMFXX,5.05
2023-07-13,VMSXX,2.82
2023-07-13,VUSXX,5.05
2023-07-14,VMFXX,5.06
2023-07-14,VMSXX,2.45
2023-07-14,VUSXX,5.06
2023-07-17,VMFXX,5.06
2023-07-17,VMSXX,2.33
2023-07-17,VUSXX,5.06
2023-07-18,VMFXX,5.06
2023-07-18,VMSXX,2.23
2023-07-18,VUSXX,5.06
2023-07-19,VMFXX,5.06
2023-07-19,VMSXX,2.20
2023-07-19,VUSXX,5.06
2023-07-20,VMFXX,5.06
2023-07-20,VMSXX,2.30
2023-07-20,VUSXX,5.07
2023-07-21,VMFXX,5.07
2023-07-21,VMSXX,2.66
2023-07-21,VUSXX,5.08
2023-07-24,VMFXX,5.07
2023-07-24,VMSXX,2.79
2023-07-24,VUSXX,5.08
2023-07-25,VMFXX,5.07
2023-07-25,VMSXX,2.91
2023-07-25,VUSXX,5.08
2023-07-26,VMFXX,5.07
2023-07-26,VMSXX,3.03
2023-07-26,VUSXX,5.09
2023-07-27,VMFXX,5.09
2023-07-27,VMSXX,3.17
2023-07-27,VUSXX,5.10
2023-07-28,VMFXX,5.18
2023-07-28,VMSXX,3.55
2023-07-28,VUSXX,5.13
2023-07-31,VMFXX,5.19
2023-07-31,VMSXX,3.67
2023-07-31,VUSXX,5.14
2023-08-01,VMFXX,5.22
2023-08-01,VMSXX,3.78
2023-08-01,VUSXX,5.15
2023-08-02,VMFXX,5.24
2023-08-02,VMSXX,3.83
2023-08-02,VUSXX,5.16
2023-08-03,VMFXX,5.25
2023-08-03,VMSXX,3.76
2023-08-03,VUSXX,5.16
2023-08-04,VMFXX,5.24
2023-08-04,VMSXX,3.51
2023-08-04,VUSXX,5.15
2023-08-07,VMFXX,5.25
2023-08-07,VMSXX,3.43
2023-08-07,VUSXX,5.15
2023-08-08,VMFXX,5.25
2023-08-08,VMSXX,3.35
2023-08-08,VUSXX,5.15
2023-08-09,VMFXX,5.25
2023-08-09,VMSXX,3.27
2023-08-09,VUSXX,5.16
2023-08-10,VMFXX,5.25
2023-08-10,VMSXX,3.20
2023-08-10,VUSXX,5.16
2023-08-11,VMFXX,5.26
2023-08-11,VMSXX,3.00
2023-08-11,VUSXX,5.16
2023-08-14,VMFXX,5.26
2023-08-14,VMSXX,2.94
2023-08-14,VUSXX,5.17
2023-08-15,VMFXX,5.26
2023-08-15,VMSXX,2.89
2023-08-15,VUSXX,5.17
2023-08-16,VMFXX,5.26
2023-08-16,VMSXX,2.88
2023-08-16,VUSXX,5.17
2023-08-17,VMFXX,5.26
2023-08-17,VMSXX,2.94
2023-08-17,VUSXX,5.17
2023-08-18,VMFXX,5.27
2023-08-18,VMSXX,3.15
2023-08-18,VUSXX,5.18
2023-08-21,VMFXX,5.27
2023-08-21,VMSXX,3.22
2023-08-21,VUSXX,5.18
2023-08-22,VMFXX,5.27
2023-08-22,VMSXX,3.30
2023-08-22,VUSXX,5.19
2023-08-23,VMFXX,5.27
2023-08-23,VMSXX,3.40
2023-08-23,VUSXX,5.19
2023-08-24,VMFXX,5.27
2023-08-24,VMSXX,3.55
2023-08-24,VUSXX,5.19
2023-08-25,VMFXX,5.27
2023-08-25,VMSXX,3.97
2023-08-25,VUSXX,5.19
2023-08-28,VMFXX,5.28
2023-08-28,VMSXX,4.10
2023-08-28,VUSXX,5.19
2023-08-29,VMFXX,5.28
2023-08-29,VMSXX,4.22
2023-08-29,VUSXX,5.19
2023-08-30,VMFXX,5.28
2023-08-30,VMSXX,4.26
2023-08-30,VUSXX,5.20
2023-08-31,VMFXX,5.28
2023-08-31,VMSXX,4.21
2023-08-31,VUSXX,5.20
2023-09-01,VMFXX,5.28
2023-09-01,VMSXX,3.96
2023-09-01,VUSXX,5.19
2023-09-05,VMFXX,5.27
2023-09-05,VMSXX,3.90
2023-09-05,VUSXX,5.19
2023-09-06,VMFXX,5.27
2023-09-06,VMSXX,3.82
2023-09-06,VUSXX,5.19
2023-09-07,VMFXX,5.27
2023-09-07,VMSXX,3.73
2023-09-07,VUSXX,5.18
2023-09-08,VMFXX,5.27
2023-09-08,VMSXX,3.44
2023-09-08,VUSXX,5.19
2023-09-11,VMFXX,5.27
2023-09-11,VMSXX,3.34
2023-09-11,VUSXX,5.19
2023-09-12,VMFXX,5.27
2023-09-12,VMSXX,3.24
2023-09-12,VUSXX,5.19
2023-09-13,VMFXX,5.27
2023-09-13,VMSXX,3.16
2023-09-13,VUSXX,5.19
2023-09-14,VMFXX,5.28
2023-09-14,VMSXX,3.10
2023-09-14,VUSXX,5.19
2023-09-15,VMFXX,5.28
2023-09-15,VMSXX,3.00
2023-09-15,VUSXX,5.19
2023-09-18,VMFXX,5.28
2023-09-18,VMSXX,2.97
2023-09-18,VUSXX,5.19
2023-09-19,VMFXX,5.28
2023-09-19,VMSXX,2.96
2023-09-19,VUSXX,5.19
2023-09-20,VMFXX,5.28
2023-09-20,VMSXX,3.03
2023-09-20,VUSXX,5.20
2023-09-21,VMFXX,5.28
2023-09-21,VMSXX,3.22
2023-09-21,VUSXX,5.20
2023-09-22,VMFXX,5.29
2023-09-22,VMSXX,3.77
2023-09-22,VUSXX,5.21
2023-09-25,VMFXX,5.29
2023-09-25,VMSXX,3.94
2023-09-25,VUSXX,5.22
2023-09-26,VMFXX,5.29
2023-09-26,VMSXX,4.10
2023-09-26,VUSXX,5.22
2023-09-27,VMFXX,5.29
2023-09-27,VMSXX,4.18
2023-09-27,VUSXX,5.22
2023-09-28,VMFXX,5.29
2023-09-28,VMSXX,4.14
2023-09-28,VUSXX,5.22
2023-09-29,VMFXX,5.30
2023-09-29,VMSXX,4.01
2023-09-29,VUSXX,5.24
2023-10-02,VMFXX,5.30
2023-10-02,VMSXX,3.96
2023-10-02,VUSXX,5.24
2023-10-03,VMFXX,5.29
2023-10-03,VMSXX,3.91
2023-10-03,VUSXX,5.24
2023-10-04,VMFXX,5.29
2023-10-04,VMSXX,3.83
2023-10-04,VUSXX,5.24
2023-10-05,VMFXX,5.29
2023-10-05,VMSXX,3.73
2023-10-05,VUSXX,5.24
2023-10-06,VMFXX,5.28
2023-10-06,VMSXX,3.41
2023-10-06,VUSXX,5.23
2023-10-09,VMFXX,5.28
2023-10-09,VMSXX,3.31
2023-10-09,VUSXX,5.23
2023-10-10,VMFXX,5.28
2023-10-10,VMSXX,3.22
2023-10-10,VUSXX,5.24
2023-10-11,VMFXX,5.28
2023-10-11,VMSXX,3.17
2023-10-11,VUSXX,5.24
2023-10-12,VMFXX,5.28
2023-10-12,VMSXX,3.14
2023-10-12,VUSXX,5.24
2023-10-13,VMFXX,5.28
2023-10-13,VMSXX,3.12
2023-10-13,VUSXX,5.25
2023-10-16,VMFXX,5.28
2023-10-16,VMSXX,3.12
2023-10-16,VUSXX,5.26
2023-10-17,VMFXX,5.28
2023-10-17,VMSXX,3.12
2023-10-17,VUSXX,5.26
2023-10-18,VMFXX,5.28
2023-10-18,VMSXX,3.18
2023-10-18,VUSXX,5.27
2023-10-19,VMFXX,5.29
2023-10-19,VMSXX,3.33
2023-10-19,VUSXX,5.27
2023-10-20,VMFXX,5.29
2023-10-20,VMSXX,3.75
2023-10-20,VUSXX,5.28
2023-10-23,VMFXX,5.29
2023-10-23,VMSXX,3.88
2023-10-23,VUSXX,5.29
2023-10-24,VMFXX,5.29
2023-10-24,VMSXX,4.00
2023-10-24,VUSXX,5.29
2023-10-25,VMFXX,5.29
2023-10-25,VMSXX,4.07
2023-10-25,VUSXX,5.30
2023-10-26,VMFXX,5.29
2023-10-26,VMSXX,4.05
2023-10-26,VUSXX,5.30
2023-10-27,VMFXX,5.30
2023-10-27,VMSXX,4.00
2023-10-27,VUSXX,5.32
2023-10-30,VMFXX,5.30
2023-10-30,VMSXX,3.98
2023-10-30,VUSXX,5.32
2023-10-31,VMFXX,5.30
2023-10-31,VMSXX,3.96
2023-10-31,VUSXX,5.32
2023-11-01,VMFXX,5.30
2023-11-01,VMSXX,3.93
2023-11-01,VUSXX,5.32
2023-11-02,VMFXX,5.30
2023-11-02,VMSXX,3.90
2023-11-02,VUSXX,5.32
2023-11-03,VMFXX,5.30
2023-11-03,VMSXX,3.75
2023-11-03,VUSXX,5.32
2023-11-06,VMFXX,5.29
2023-11-06,VMSXX,3.69
2023-11-06,VUSXX,5.32
2023-11-07,VMFXX,5.29
2023-11-07,VMSXX,3.63
2023-11-07,VUSXX,5.32
2023-11-08,VMFXX,5.29
2023-11-08,VMSXX,3.56
2023-11-08,VUSXX,5.32
2023-11-09,VMFXX,5.29
2023-11-09,VMSXX,3.46
2023-11-09,VUSXX,5.32
2023-11-10,VMFXX,5.29
2023-11-10,VMSXX,3.20
2023-11-10,VUSXX,5.33
2023-11-13,VMFXX,5.29
2023-11-13,VMSXX,3.13
2023-11-13,VUSXX,5.33
2023-11-14,VMFXX,5.29
2023-11-14,VMSXX,3.07
2023-11-14,VUSXX,5.34
2023-11-15,VMFXX,5.29
2023-11-15,VMSXX,3.07
2023-11-15,VUSXX,5.34
2023-11-16,VMFXX,5.30
2023-11-16,VMSXX,3.17
2023-11-16,VUSXX,5.34
2023-11-17,VMFXX,5.30
2023-11-17,VMSXX,3.45
2023-11-17,VUSXX,5.34
2023-11-20,VMFXX,5.30
2023-11-20,VMSXX,3.53
2023-11-20,VUSXX,5.34
2023-11-21,VMFXX,5.30
2023-11-21,VMSXX,3.60
2023-11-21,VUSXX,5.34
2023-11-22,VMFXX,5.30
2023-11-22,VMSXX,3.62
2023-11-22,VUSXX,5.34
2023-11-24,VMFXX,5.30
2023-11-24,VMSXX,3.53
2023-11-24,VUSXX,5.34
2023-11-27,VMFXX,5.30
2023-11-27,VMSXX,3.50
2023-11-27,VUSXX,5.34
2023-11-28,VMFXX,5.30
2023-11-28,VMSXX,3.47
2023-11-28,VUSXX,5.34
2023-11-29,VMFXX,5.30
2023-11-29,VMSXX,3.43
2023-11-29,VUSXX,5.34
2023-11-30,VMFXX,5.30
2023-11-30,VMSXX,3.38
2023-11-30,VUSXX,5.34
2023-12-01,VMFXX,5.30
2023-12-01,VMSXX,3.27
2023-12-01,VUSXX,5.33
2023-12-04,VMFXX,5.30
2023-12-04,VMSXX,3.22
2023-12-04,VUSXX,5.33
2023-12-05,VMFXX,5.30
2023-12-05,VMSXX,3.18
2023-12-05,VUSXX,5.33
2023-12-06,VMFXX,5.29
2023-12-06,VMSXX,3.13
2023-12-06,VUSXX,5.32
2023-12-07,VMFXX,5.29
2023-12-07,VMSXX,3.07
2023-12-07,VUSXX,5.32
2023-12-08,VMFXX,5.29
2023-12-08,VMSXX,2.93
2023-12-08,VUSXX,5.32
2023-12-11,VMFXX,5.29
2023-12-11,VMSXX,2.90
2023-12-11,VUSXX,5.32
2023-12-12,VMFXX,5.29
2023-12-12,VMSXX,2.86
2023-12-12,VUSXX,5.32
2023-12-13,VMFXX,5.29
2023-12-13,VMSXX,2.86
2023-12-13,VUSXX,5.32
2023-12-14,VMFXX,5.29
2023-12-14,VMSXX,2.92
2023-12-14,VUSXX,5.32
2023-12-15,VMFXX,5.29
2023-12-15,VMSXX,3.15
2023-12-15,VUSXX,5.32
2023-12-18,VMFXX,5.30
2023-12-18,VMSXX,3.23
2023-12-18,VUSXX,5.32
2023-12-19,VMFXX,5.30
2023-12-19,VMSXX,3.32
2023-12-19,VUSXX,5.32
2023-12-20,VMFXX,5.30
2023-12-20,VMSXX,3.43
2023-12-20,VUSXX,5.32
2023-12-21,VMFXX,5.30
2023-12-21,VMSXX,3.58
2023-12-21,VUSXX,5.32
2023-12-22,VMFXX,5.30
2023-12-22,VMSXX,4.15
2023-12-22,VUSXX,5.32
2023-12-26,VMFXX,5.30
2023-12-26,VMSXX,4.29
2023-12-26,VUSXX,5.32
2023-12-27,VMFXX,5.30
2023-12-27,VMSXX,4.34
2023-12-27,VUSXX,5.32
2023-12-28,VMFXX,5.31
2023-12-28,VMSXX,4.26
2023-12-28,VUSXX,5.32
2023-12-29,VMFXX,5.32
2023-12-29,VMSXX,3.91
2023-12-29,VUSXX,5.32
2024-01-02,VMFXX,5.32
2024-01-02,VMSXX,3.81
2024-01-02,VUSXX,5.32
2024-01-03,VMFXX,5.31
2024-01-03,VMSXX,3.70
2024-01-03,VUSXX,5.31
2024-01-04,VMFXX,5.31
2024-01-04,VMSXX,3.57
2024-01-04,VUSXX,5.31
2024-01-05,VMFXX,5.29
2024-01-05,VMSXX,3.16
2024-01-05,VUSXX,5.30
2024-01-08,VMFXX,5.28
2024-01-08,VMSXX,3.01
2024-01-08,VUSXX,5.29
2024-01-09,VMFXX,5.28
2024-01-09,VMSXX,2.88
2024-01-09,VUSXX,5.29
2024-01-10,VMFXX,5.28
2024-01-10,VMSXX,2.73
2024-01-10,VUSXX,5.30
2024-01-11,VMFXX,5.28
2024-01-11,VMSXX,2.58
2024-01-11,VUSXX,5.30
2024-01-12,VMFXX,5.27
2024-01-12,VMSXX,2.00
2024-01-12,VUSXX,5.29
2024-01-16,VMFXX,5.27
2024-01-16,VMSXX,1.86
2024-01-16,VUSXX,5.29
2024-01-17,VMFXX,5.27
2024-01-17,VMSXX,1.80
2024-01-17,VUSXX,5.29
2024-01-18,VMFXX,5.27
2024-01-18,VMSXX,1.88
2024-01-18,VUSXX,5.29
2024-01-19,VMFXX,5.28
2024-01-19,VMSXX,2.22
2024-01-19,VUSXX,5.30
2024-01-22,VMFXX,5.28
2024-01-22,VMSXX,2.35
2024-01-22,VUSXX,5.30
2024-01-23,VMFXX,5.28
2024-01-23,VMSXX,2.50
2024-01-23,VUSXX,5.30
2024-01-24,VMFXX,5.28
2024-01-24,VMSXX,2.70
2024-01-24,VUSXX,5.30
2024-01-25,VMFXX,5.28
2024-01-25,VMSXX,2.98
2024-01-25,VUSXX,5.30
2024-01-26,VMFXX,5.28
2024-01-26,VMSXX,3.76
2024-01-26,VUSXX,5.30
2024-01-29,VMFXX,5.29
2024-01-29,VMSXX,4.00
2024-01-29,VUSXX,5.30
2024-01-30,VMFXX,5.29
2024-01-30,VMSXX,4.22
2024-01-30,VUSXX,5.30
2024-01-31,VMFXX,5.29
2024-01-31,VMSXX,4.31
2024-01-31,VUSXX,5.30
2024-02-01,VMFXX,5.29
2024-02-01,VMSXX,4.18
2024-02-01,VUSXX,5.30
2024-02-02,VMFXX,5.28
2024-02-02,VMSXX,3.74
2024-02-02,VUSXX,5.29
2024-02-05,VMFXX,5.27
2024-02-05,VMSXX,3.59
2024-02-05,VUSXX,5.29
2024-02-06,VMFXX,5.27
2024-02-06,VMSXX,3.45
2024-02-06,VUSXX,5.29
2024-02-07,VMFXX,5.26
2024-02-07,VMSXX,3.34
2024-02-07,VUSXX,5.28
2024-02-08,VMFXX,5.26
2024-02-08,VMSXX,3.29
2024-02-08,VUSXX,5.28
2024-02-09,VMFXX,5.27
2024-02-09,VMSXX,3.23
2024-02-09,VUSXX,5.29
2024-02-12,VMFXX,5.27
2024-02-12,VMSXX,3.22
2024-02-12,VUSXX,5.29
2024-02-13,VMFXX,5.27
2024-02-13,VMSXX,3.20
2024-02-13,VUSXX,5.29
2024-02-14,VMFXX,5.27
2024-02-14,VMSXX,3.21
2024-02-14,VUSXX,5.29
2024-02-15,VMFXX,5.27
2024-02-15,VMSXX,3.24
2024-02-15,VUSXX,5.29
2024-02-16,VMFXX,5.28
2024-02-16,VMSXX,3.34
2024-02-16,VUSXX,5.29
2024-02-20,VMFXX,5.27
2024-02-20,VMSXX,3.37
2024-02-20,VUSXX,5.29
2024-02-21,VMFXX,5.27
2024-02-21,VMSXX,3.37
2024-02-21,VUSXX,5.29
2024-02-22,VMFXX,5.28
2024-02-22,VMSXX,3.32
2024-02-22,VUSXX,5.29
2024-02-23,VMFXX,5.27
2024-02-23,VMSXX,3.19
2024-02-23,VUSXX,5.29
2024-02-26,VMFXX,5.28
2024-02-26,VMSXX,3.15
2024-02-26,VUSXX,5.29
2024-02-27,VMFXX,5.28
2024-02-27,VMSXX,3.13
2024-02-27,VUSXX,5.29
2024-02-28,VMFXX,5.28
2024-02-28,VMSXX,3.12
2024-02-28,VUSXX,5.29
2024-02-29,VMFXX,5.28
2024-02-29,VMSXX,3.15
2024-02-29,VUSXX,5.29
2024-03-01,VMFXX,5.27
2024-03-01,VMSXX,3.23
2024-03-01,VUSXX,5.29
2024-03-04,VMFXX,5.27
2024-03-04,VMSXX,3.24
2024-03-04,VUSXX,5.28
2024-03-05,VMFXX,5.27
2024-03-05,VMSXX,3.24
2024-03-05,VUSXX,5.28
2024-03-06,VMFXX,5.27
2024-03-06,VMSXX,3.25
2024-03-06,VUSXX,5.28
2024-03-07,VMFXX,5.26
2024-03-07,VMSXX,3.25
2024-03-07,VUSXX,5.28
2024-03-08,VMFXX,5.26
2024-03-08,VMSXX,3.26
2024-03-08,VUSXX,5.28
2024-03-11,VMFXX,5.26
2024-03-11,VMSXX,3.27
2024-03-11,VUSXX,5.28
2024-03-12,VMFXX,5.26
2024-03-12,VMSXX,3.28
2024-03-12,VUSXX,5.28
2024-03-13,VMFXX,5.26
2024-03-13,VMSXX,3.29
2024-03-13,VUSXX,5.28
2024-03-14,VMFXX,5.27
2024-03-14,VMSXX,3.29
2024-03-14,VUSXX,5.28
2024-03-15,VMFXX,5.27
2024-03-15,VMSXX,3.26
2024-03-15,VUSXX,5.28
2024-03-18,VMFXX,5.27
2024-03-18,VMSXX,3.26
2024-03-18,VUSXX,5.28
2024-03-19,VMFXX,5.27
2024-03-19,VMSXX,3.25
2024-03-19,VUSXX,5.29
2024-03-20,VMFXX,5.27
2024-03-20,VMSXX,3.25
2024-03-20,VUSXX,5.29
2024-03-21,VMFXX,5.27
2024-03-21,VMSXX,3.24
2024-03-21,VUSXX,5.29
2024-03-22,VMFXX,5.27
2024-03-22,VMSXX,3.27
2024-03-22,VUSXX,5.29
2024-03-25,VMFXX,5.28
2024-03-25,VMSXX,3.28
2024-03-25,VUSXX,5.29
2024-03-26,VMFXX,5.28
2024-03-26,VMSXX,3.31
2024-03-26,VUSXX,5.29
2024-03-27,VMFXX,5.28
2024-03-27,VMSXX,3.34
2024-03-27,VUSXX,5.29
2024-03-28,VMFXX,5.28
2024-03-28,VMSXX,3.55
2024-03-28,VUSXX,5.29
2024-04-01,VMFXX,5.28
2024-04-01,VMSXX,3.59
2024-04-01,VUSXX,5.29
2024-04-02,VMFXX,5.28
2024-04-02,VMSXX,3.62
2024-04-02,VUSXX,5.29
2024-04-03,VMFXX,5.28
2024-04-03,VMSXX,3.62
2024-04-03,VUSXX,5.28
2024-04-04,VMFXX,5.28
2024-04-04,VMSXX,3.59
2024-04-04,VUSXX,5.28
2024-04-05,VMFXX,5.27
2024-04-05,VMSXX,3.49
2024-04-05,VUSXX,5.27
2024-04-08,VMFXX,5.27
2024-04-08,VMSXX,3.46
2024-04-08,VUSXX,5.27
2024-04-09,VMFXX,5.26
2024-04-09,VMSXX,3.45
2024-04-09,VUSXX,5.28
2024-04-10,VMFXX,5.26
2024-04-10,VMSXX,3.45
2024-04-10,VUSXX,5.28
2024-04-11,VMFXX,5.26
2024-04-11,VMSXX,3.46
2024-04-11,VUSXX,5.28
2024-04-12,VMFXX,5.27
2024-04-12,VMSXX,3.53
2024-04-12,VUSXX,5.28
2024-04-15,VMFXX,5.25
2024-04-15,VMSXX,3.55
2024-04-15,VUSXX,5.26
2024-04-16,VMFXX,5.27
2024-04-16,VMSXX,3.58
2024-04-16,VUSXX,5.28
2024-04-17,VMFXX,5.27
2024-04-17,VMSXX,3.64
2024-04-17,VUSXX,5.28
2024-04-18,VMFXX,5.27
2024-04-18,VMSXX,3.73
2024-04-18,VUSXX,5.28
2024-04-19,VMFXX,5.27
2024-04-19,VMSXX,3.95
2024-04-19,VUSXX,5.28
2024-04-22,VMFXX,5.29
2024-04-22,VMSXX,4.02
2024-04-22,VUSXX,5.30
2024-04-23,VMFXX,5.27
2024-04-23,VMSXX,4.07
2024-04-23,VUSXX,5.28
2024-04-24,VMFXX,5.27
2024-04-24,VMSXX,4.07
2024-04-24,VUSXX,5.28
2024-04-25,VMFXX,5.27
2024-04-25,VMSXX,3.98
2024-04-25,VUSXX,5.28
2024-04-26,VMFXX,5.27
2024-04-26,VMSXX,3.74
2024-04-26,VUSXX,5.29
2024-04-29,VMFXX,5.28
2024-04-29,VMSXX,3.66
2024-04-29,VUSXX,5.29
2024-04-30,VMFXX,5.28
2024-04-30,VMSXX,3.61
2024-04-30,VUSXX,5.29
2024-05-01,VMFXX,5.28
2024-05-01,VMSXX,3.57
2024-05-01,VUSXX,5.29
2024-05-02,VMFXX,5.28
2024-05-02,VMSXX,3.57
2024-05-02,VUSXX,5.28
2024-05-03,VMFXX,5.27
2024-05-03,VMSXX,3.54
2024-05-03,VUSXX,5.27
2024-05-06,VMFXX,5.27
2024-05-06,VMSXX,3.52
2024-05-06,VUSXX,5.27
2024-05-07,VMFXX,5.26
2024-05-07,VMSXX,3.48
2024-05-07,VUSXX,5.27
2024-05-08,VMFXX,5.26
2024-05-08,VMSXX,3.42
2024-05-08,VUSXX,5.27
2024-05-09,VMFXX,5.26
2024-05-09,VMSXX,3.34
2024-05-09,VUSXX,5.27
2024-05-10,VMFXX,5.26
2024-05-10,VMSXX,3.17
2024-05-10,VUSXX,5.27
2024-05-13,VMFXX,5.26
2024-05-13,VMSXX,3.12
2024-05-13,VUSXX,5.27
2024-05-14,VMFXX,5.27
2024-05-14,VMSXX,3.10
2024-05-14,VUSXX,5.28
2024-05-15,VMFXX,5.27
2024-05-15,VMSXX,3.15
2024-05-15,VUSXX,5.28
2024-05-16,VMFXX,5.27
2024-05-16,VMSXX,3.29
2024-05-16,VUSXX,5.28
2024-05-17,VMFXX,5.27
2024-05-17,VMSXX,3.69
2024-05-17,VUSXX,5.28
2024-05-20,VMFXX,5.27
2024-05-20,VMSXX,3.81
2024-05-20,VUSXX,5.28
2024-05-21,VMFXX,5.27
2024-05-21,VMSXX,3.90
2024-05-21,VUSXX,5.28
2024-05-22,VMFXX,5.27
2024-05-22,VMSXX,3.91
2024-05-22,VUSXX,5.28
2024-05-23,VMFXX,5.27
2024-05-23,VMSXX,3.80
2024-05-23,VUSXX,5.28
2024-05-24,VMFXX,5.27
2024-05-24,VMSXX,3.44
2024-05-24,VUSXX,5.29
2024-05-28,VMFXX,5.28
2024-05-28,VMSXX,3.36
2024-05-28,VUSXX,5.29
2024-05-29,VMFXX,5.28
2024-05-29,VMSXX,3.33
2024-05-29,VUSXX,5.29
2024-05-30,VMFXX,5.28
2024-05-30,VMSXX,3.34
2024-05-30,VUSXX,5.29
2024-05-31,VMFXX,5.29
2024-05-31,VMSXX,3.35
2024-05-31,VUSXX,5.29
2024-06-03,VMFXX,5.28
2024-06-03,VMSXX,3.34
2024-06-03,VUSXX,5.29
2024-06-04,VMFXX,5.28
2024-06-04,VMSXX,3.31
2024-06-04,VUSXX,5.28
2024-06-05,VMFXX,5.28
2024-06-05,VMSXX,3.26
2024-06-05,VUSXX,5.28
2024-06-06,VMFXX,5.28
2024-06-06,VMSXX,3.18
2024-06-06,VUSXX,5.28
2024-06-07,VMFXX,5.27
2024-06-07,VMSXX,2.92
2024-06-07,VUSXX,5.27
2024-06-10,VMFXX,5.27
2024-06-10,VMSXX,2.84
2024-06-10,VUSXX,5.27
2024-06-11,VMFXX,5.27
2024-06-11,VMSXX,2.79
2024-06-11,VUSXX,5.27
2024-06-12,VMFXX,5.27
2024-06-12,VMSXX,2.79
2024-06-12,VUSXX,5.28
2024-06-13,VMFXX,5.27
2024-06-13,VMSXX,2.85
2024-06-13,VUSXX,5.28
2024-06-14,VMFXX,5.27
2024-06-14,VMSXX,3.08
2024-06-14,VUSXX,5.28
2024-06-17,VMFXX,5.27
2024-06-17,VMSXX,3.15
2024-06-17,VUSXX,5.29
2024-06-18,VMFXX,5.27
2024-06-18,VMSXX,3.26
2024-06-18,VUSXX,5.29
2024-06-20,VMFXX,5.28
2024-06-20,VMSXX,3.36
2024-06-20,VUSXX,5.29
2024-06-21,VMFXX,5.27
2024-06-21,VMSXX,3.67
2024-06-21,VUSXX,5.29
2024-06-24,VMFXX,5.27
2024-06-24,VMSXX,3.77
2024-06-24,VUSXX,5.29
2024-06-25,VMFXX,5.27
2024-06-25,VMSXX,3.87
2024-06-25,VUSXX,5.29
2024-06-26,VMFXX,5.28
2024-06-26,VMSXX,3.96
2024-06-26,VUSXX,5.29
2024-06-27,VMFXX,5.28
2024-06-27,VMSXX,3.96
2024-06-27,VUSXX,5.29
2024-06-28,VMFXX,5.29
2024-06-28,VMSXX,3.92
2024-06-28,VUSXX,5.29
2024-07-01,VMFXX,5.29
2024-07-01,VMSXX,3.88
2024-07-01,VUSXX,5.29
2024-07-02,VMFXX,5.29
2024-07-02,VMSXX,3.84
2024-07-02,VUSXX,5.29
2024-07-03,VMFXX,5.28
2024-07-03,VMSXX,3.66
2024-07-03,VUSXX,5.28
2024-07-05,VMFXX,5.27
2024-07-05,VMSXX,3.13
2024-07-05,VUSXX,5.28
2024-07-08,VMFXX,5.27
2024-07-08,VMSXX,2.99
2024-07-08,VUSXX,5.28
2024-07-09,VMFXX,5.27
2024-07-09,VMSXX,2.88
2024-07-09,VUSXX,5.28
2024-07-10,VMFXX,5.27
2024-07-10,VMSXX,2.79
2024-07-10,VUSXX,5.28
2024-07-11,VMFXX,5.27
2024-07-11,VMSXX,2.67
2024-07-11,VUSXX,5.28
2024-07-12,VMFXX,5.28
2024-07-12,VMSXX,2.63
2024-07-12,VUSXX,5.28
2024-07-15,VMFXX,5.28
2024-07-15,VMSXX,2.59
2024-07-15,VUSXX,5.28
2024-07-16,VMFXX,5.28
2024-07-16,VMSXX,2.55
2024-07-16,VUSXX,5.28
2024-07-17,VMFXX,5.28
2024-07-17,VMSXX,2.53
2024-07-17,VUSXX,5.28
2024-07-18,VMFXX,5.28
2024-07-18,VMSXX,2.54
2024-07-18,VUSXX,5.28
2024-07-19,VMFXX,5.29
2024-07-19,VMSXX,2.59
2024-07-19,VUSXX,5.28
2024-07-22,VMFXX,5.29
2024-07-22,VMSXX,2.61
2024-07-22,VUSXX,5.28
2024-07-23,VMFXX,5.29
2024-07-23,VMSXX,2.64
2024-07-23,VUSXX,5.28
2024-07-24,VMFXX,5.29
2024-07-24,VMSXX,2.71
2024-07-24,VUSXX,5.29
2024-07-25,VMFXX,5.29
2024-07-25,VMSXX,2.84
2024-07-25,VUSXX,5.29
2024-07-26,VMFXX,5.29
2024-07-26,VMSXX,3.23
2024-07-26,VUSXX,5.29
2024-07-29,VMFXX,5.29
2024-07-29,VMSXX,3.36
2024-07-29,VUSXX,5.29
2024-07-30,VMFXX,5.29
2024-07-30,VMSXX,3.49
2024-07-30,VUSXX,5.29
2024-07-31,VMFXX,5.29
2024-07-31,VMSXX,3.56
2024-07-31,VUSXX,5.29
2024-08-01,VMFXX,5.29
2024-08-01,VMSXX,3.53
2024-08-01,VUSXX,5.28
2024-08-02,VMFXX,5.28
2024-08-02,VMSXX,3.40
2024-08-02,VUSXX,5.27
2024-08-05,VMFXX,5.28
2024-08-05,VMSXX,3.35
2024-08-05,VUSXX,5.27
2024-08-06,VMFXX,5.28
2024-08-06,VMSXX,3.29
2024-08-06,VUSXX,5.27
2024-08-07,VMFXX,5.27
2024-08-07,VMSXX,3.24
2024-08-07,VUSXX,5.26
2024-08-08,VMFXX,5.27
2024-08-08,VMSXX,3.18
2024-08-08,VUSXX,5.26
2024-08-09,VMFXX,5.26
2024-08-09,VMSXX,3.13
2024-08-09,VUSXX,5.26
2024-08-12,VMFXX,5.26
2024-08-12,VMSXX,3.13
2024-08-12,VUSXX,5.26
2024-08-13,VMFXX,5.27
2024-08-13,VMSXX,3.12
2024-08-13,VUSXX,5.26
2024-08-14,VMFXX,5.27
2024-08-14,VMSXX,3.16
2024-08-14,VUSXX,5.26
2024-08-15,VMFXX,5.27
2024-08-15,VMSXX,3.28
2024-08-15,VUSXX,5.26
2024-08-16,VMFXX,5.27
2024-08-16,VMSXX,3.57
2024-08-16,VUSXX,5.26
2024-08-19,VMFXX,5.27
2024-08-19,VMSXX,3.65
2024-08-19,VUSXX,5.26
2024-08-20,VMFXX,5.27
2024-08-20,VMSXX,3.72
2024-08-20,VUSXX,5.26
2024-08-21,VMFXX,5.26
2024-08-21,VMSXX,3.74
2024-08-21,VUSXX,5.26
2024-08-22,VMFXX,5.26
2024-08-22,VMSXX,3.64
2024-08-22,VUSXX,5.26
2024-08-23,VMFXX,5.25
2024-08-23,VMSXX,3.38
2024-08-23,VUSXX,5.25
2024-08-26,VMFXX,5.25
2024-08-26,VMSXX,3.29
2024-08-26,VUSXX,5.25
2024-08-27,VMFXX,5.25
2024-08-27,VMSXX,3.21
2024-08-27,VUSXX,5.25
2024-08-28,VMFXX,5.26
2024-08-28,VMSXX,3.14
2024-08-28,VUSXX,5.25
2024-08-29,VMFXX,5.26
2024-08-29,VMSXX,3.10
2024-08-29,VUSXX,5.25
2024-08-30,VMFXX,5.25
2024-08-30,VMSXX,3.01
2024-08-30,VUSXX,5.25
2024-09-03,VMFXX,5.25
2024-09-03,VMSXX,2.99
2024-09-03,VUSXX,5.24
2024-09-04,VMFXX,5.24
2024-09-04,VMSXX,2.96
2024-09-04,VUSXX,5.23
2024-09-05,VMFXX,5.23
2024-09-05,VMSXX,2.93
2024-09-05,VUSXX,5.23
2024-09-06,VMFXX,5.22
2024-09-06,VMSXX,2.87
2024-09-06,VUSXX,5.20
2024-09-09,VMFXX,5.22
2024-09-09,VMSXX,2.86
2024-09-09,VUSXX,5.20
2024-09-10,VMFXX,5.21
2024-09-10,VMSXX,2.87
2024-09-10,VUSXX,5.19
2024-09-11,VMFXX,5.21
2024-09-11,VMSXX,2.95
2024-09-11,VUSXX,5.19
2024-09-12,VMFXX,5.21
2024-09-12,VMSXX,3.14
2024-09-12,VUSXX,5.18
2024-09-13,VMFXX,5.19
2024-09-13,VMSXX,3.65
2024-09-13,VUSXX,5.16
2024-09-16,VMFXX,5.19
2024-09-16,VMSXX,3.81
2024-09-16,VUSXX,5.16
2024-09-17,VMFXX,5.19
2024-09-17,VMSXX,3.94
2024-09-17,VUSXX,5.15
2024-09-18,VMFXX,5.19
2024-09-18,VMSXX,3.98
2024-09-18,VUSXX,5.15
2024-09-19,VMFXX,5.16
2024-09-19,VMSXX,3.88
2024-09-19,VUSXX,5.14
2024-09-20,VMFXX,5.03
2024-09-20,VMSXX,3.58
2024-09-20,VUSXX,5.13
2024-09-23,VMFXX,4.98
2024-09-23,VMSXX,3.49
2024-09-23,VUSXX,5.13
2024-09-24,VMFXX,4.94
2024-09-24,VMSXX,3.41
2024-09-24,VUSXX,5.12
2024-09-25,VMFXX,4.89
2024-09-25,VMSXX,3.35
2024-09-25,VUSXX,5.11
2024-09-26,VMFXX,4.87
2024-09-26,VMSXX,3.31
2024-09-26,VUSXX,5.10
2024-09-27,VMFXX,4.87
2024-09-27,VMSXX,3.22
2024-09-27,VUSXX,5.07
2024-09-30,VMFXX,4.87
2024-09-30,VMSXX,3.20
2024-09-30,VUSXX,5.06
2024-10-01,VMFXX,4.87
2024-10-01,VMSXX,3.15
2024-10-01,VUSXX,5.05
2024-10-02,VMFXX,4.87
2024-10-02,VMSXX,3.10
2024-10-02,VUSXX,5.03
2024-10-03,VMFXX,4.86
2024-10-03,VMSXX,3.05
2024-10-03,VUSXX,5.01
2024-10-04,VMFXX,4.84
2024-10-04,VMSXX,2.86
2024-10-04,VUSXX,4.96
2024-10-07,VMFXX,4.84
2024-10-07,VMSXX,2.80
2024-10-07,VUSXX,4.94
2024-10-08,VMFXX,4.83
2024-10-08,VMSXX,2.76
2024-10-08,VUSXX,4.92
2024-10-09,VMFXX,4.82
2024-10-09,VMSXX,2.75
2024-10-09,VUSXX,4.91
2024-10-10,VMFXX,4.81
2024-10-10,VMSXX,2.79
2024-10-10,VUSXX,4.90
2024-10-11,VMFXX,4.80
2024-10-11,VMSXX,2.99
2024-10-11,VUSXX,4.87
2024-10-14,VMFXX,4.80
2024-10-14,VMSXX,3.05
2024-10-14,VUSXX,4.86
2024-10-15,VMFXX,4.80
2024-10-15,VMSXX,3.11
2024-10-15,VUSXX,4.85
2024-10-16,VMFXX,4.80
2024-10-16,VMSXX,3.18
2024-10-16,VUSXX,4.85
2024-10-17,VMFXX,4.79
2024-10-17,VMSXX,3.30
2024-10-17,VUSXX,4.84
2024-10-18,VMFXX,4.79
2024-10-18,VMSXX,3.57
2024-10-18,VUSXX,4.81
2024-10-21,VMFXX,4.78
2024-10-21,VMSXX,3.66
2024-10-21,VUSXX,4.81
2024-10-22,VMFXX,4.78
2024-10-22,VMSXX,3.75
2024-10-22,VUSXX,4.81
2024-10-23,VMFXX,4.77
2024-10-23,VMSXX,3.78
2024-10-23,VUSXX,4.80
2024-10-24,VMFXX,4.77
2024-10-24,VMSXX,3.72
2024-10-24,VUSXX,4.80
2024-10-25,VMFXX,4.76
2024-10-25,VMSXX,3.54
2024-10-25,VUSXX,4.79
2024-10-28,VMFXX,4.75
2024-10-28,VMSXX,3.49
2024-10-28,VUSXX,4.78
2024-10-29,VMFXX,4.75
2024-10-29,VMSXX,3.43
2024-10-29,VUSXX,4.77
2024-10-30,VMFXX,4.75
2024-10-30,VMSXX,3.39
2024-10-30,VUSXX,4.76
2024-10-31,VMFXX,4.75
2024-10-31,VMSXX,3.38
2024-10-31,VUSXX,4.75
2024-11-01,VMFXX,4.75
2024-11-01,VMSXX,3.23
2024-11-01,VUSXX,4.71
2024-11-04,VMFXX,4.74
2024-11-04,VMSXX,3.17
2024-11-04,VUSXX,4.70
2024-11-05,VMFXX,4.74
2024-11-05,VMSXX,3.10
2024-11-05,VUSXX,4.69
2024-11-06,VMFXX,4.73
2024-11-06,VMSXX,3.01
2024-11-06,VUSXX,4.68
2024-11-07,VMFXX,4.73
2024-11-07,VMSXX,2.89
2024-11-07,VUSXX,4.67
2024-11-08,VMFXX,4.69
2024-11-08,VMSXX,2.67
2024-11-08,VUSXX,4.64
2024-11-11,VMFXX,4.67
2024-11-11,VMSXX,2.61
2024-11-11,VUSXX,4.63
2024-11-12,VMFXX,4.66
2024-11-12,VMSXX,2.59
2024-11-12,VUSXX,4.63
2024-11-13,VMFXX,4.64
2024-11-13,VMSXX,2.64
2024-11-13,VUSXX,4.62
2024-11-14,VMFXX,4.62
2024-11-14,VMSXX,2.80
2024-11-14,VUSXX,4.62
2024-11-15,VMFXX,4.61
2024-11-15,VMSXX,3.17
2024-11-15,VUSXX,4.61
2024-11-18,VMFXX,4.60
2024-11-18,VMSXX,3.29
2024-11-18,VUSXX,4.60
2024-11-19,VMFXX,4.59
2024-11-19,VMSXX,3.38
2024-11-19,VUSXX,4.60
2024-11-20,VMFXX,4.59
2024-11-20,VMSXX,3.41
2024-11-20,VUSXX,4.60
2024-11-21,VMFXX,4.59
2024-11-21,VMSXX,3.33
2024-11-21,VUSXX,4.59
2024-11-22,VMFXX,4.58
2024-11-22,VMSXX,3.14
2024-11-22,VUSXX,4.58
2024-11-25,VMFXX,4.58
2024-11-25,VMSXX,3.09
2024-11-25,VUSXX,4.57
2024-11-26,VMFXX,4.58
2024-11-26,VMSXX,3.03
2024-11-26,VUSXX,4.57
2024-11-27,VMFXX,4.58
2024-11-27,VMSXX,3.00
2024-11-27,VUSXX,4.56
2024-11-29,VMFXX,4.57
2024-11-29,VMSXX,2.90
2024-11-29,VUSXX,4.56
2024-12-02,VMFXX,4.57
2024-12-02,VMSXX,2.85
2024-12-02,VUSXX,4.55
2024-12-03,VMFXX,4.57
2024-12-03,VMSXX,2.79
2024-12-03,VUSXX,4.55
2024-12-04,VMFXX,4.57
2024-12-04,VMSXX,2.70
2024-12-04,VUSXX,4.54
2024-12-05,VMFXX,4.56
2024-12-05,VMSXX,2.55
2024-12-05,VUSXX,4.54
2024-12-06,VMFXX,4.55
2024-12-06,VMSXX,2.17
2024-12-06,VUSXX,4.52
2024-12-09,VMFXX,4.55
2024-12-09,VMSXX,2.07
2024-12-09,VUSXX,4.52
2024-12-10,VMFXX,4.55
2024-12-10,VMSXX,1.99
2024-12-10,VUSXX,4.51
2024-12-11,VMFXX,4.55
2024-12-11,VMSXX,1.99
2024-12-11,VUSXX,4.51
2024-12-12,VMFXX,4.55
2024-12-12,VMSXX,2.13
2024-12-12,VUSXX,4.50
2024-12-13,VMFXX,4.54
2024-12-13,VMSXX,2.58
2024-12-13,VUSXX,4.49
2024-12-16,VMFXX,4.53
2024-12-16,VMSXX,2.72
2024-12-16,VUSXX,4.48
2024-12-17,VMFXX,4.53
2024-12-17,VMSXX,2.83
2024-12-17,VUSXX,4.48
2024-12-18,VMFXX,4.52
2024-12-18,VMSXX,2.95
2024-12-18,VUSXX,4.47
2024-12-19,VMFXX,4.51
2024-12-19,VMSXX,3.05
2024-12-19,VUSXX,4.47
2024-12-20,VMFXX,4.45
2024-12-20,VMSXX,3.32
2024-12-20,VUSXX,4.46
2024-12-23,VMFXX,4.43
2024-12-23,VMSXX,3.42
2024-12-23,VUSXX,4.46
2024-12-24,VMFXX,4.39
2024-12-24,VMSXX,3.59
2024-12-24,VUSXX,4.45
2024-12-26,VMFXX,4.38
2024-12-26,VMSXX,3.59
2024-12-26,VUSXX,4.44
2024-12-27,VMFXX,4.40
2024-12-27,VMSXX,3.56
2024-12-27,VUSXX,4.43
2024-12-30,VMFXX,4.40
2024-12-30,VMSXX,3.55
2024-12-30,VUSXX,4.42
2024-12-31,VMFXX,4.39
2024-12-31,VMSXX,3.52
2024-12-31,VUSXX,4.41
2025-01-02,VMFXX,4.39
2025-01-02,VMSXX,3.38
2025-01-02,VUSXX,4.40
2025-01-03,VMFXX,4.35
2025-01-03,VMSXX,2.93
2025-01-03,VUSXX,4.37
2025-01-06,VMFXX,4.33
2025-01-06,VMSXX,2.76
2025-01-06,VUSXX,4.36
2025-01-07,VMFXX,4.32
2025-01-07,VMSXX,2.58
2025-01-07,VUSXX,4.36
2025-01-08,VMFXX,4.28
2025-01-08,VMSXX,2.30
2025-01-08,VUSXX,4.35
2025-01-10,VMFXX,4.27
2025-01-10,VMSXX,1.92
2025-01-10,VUSXX,4.34
2025-01-13,VMFXX,4.27
2025-01-13,VMSXX,1.82
2025-01-13,VUSXX,4.34
2025-01-14,VMFXX,4.26
2025-01-14,VMSXX,1.73
2025-01-14,VUSXX,4.34
2025-01-15,VMFXX,4.27
2025-01-15,VMSXX,1.70
2025-01-15,VUSXX,4.33
2025-01-16,VMFXX,4.28
2025-01-16,VMSXX,1.74
2025-01-16,VUSXX,4.33
2025-01-17,VMFXX,4.27
2025-01-17,VMSXX,2.13
2025-01-17,VUSXX,4.32
2025-01-21,VMFXX,4.27
2025-01-21,VMSXX,2.23
2025-01-21,VUSXX,4.31
2025-01-22,VMFXX,4.27
2025-01-22,VMSXX,2.30
2025-01-22,VUSXX,4.31
2025-01-23,VMFXX,4.27
2025-01-23,VMSXX,2.36
2025-01-23,VUSXX,4.31
2025-01-24,VMFXX,4.28
2025-01-24,VMSXX,2.53
2025-01-24,VUSXX,4.29
2025-01-27,VMFXX,4.28
2025-01-27,VMSXX,2.59
2025-01-27,VUSXX,4.29
2025-01-28,VMFXX,4.28
2025-01-28,VMSXX,2.65
2025-01-28,VUSXX,4.28
2025-01-29,VMFXX,4.28
2025-01-29,VMSXX,2.66
2025-01-29,VUSXX,4.28
2025-01-30,VMFXX,4.28
2025-01-30,VMSXX,2.58
2025-01-30,VUSXX,4.28
2025-01-31,VMFXX,4.29
2025-01-31,VMSXX,2.34
2025-01-31,VUSXX,4.27
2025-02-03,VMFXX,4.29
2025-02-03,VMSXX,2.26
2025-02-03,VUSXX,4.26
2025-02-04,VMFXX,4.28
2025-02-04,VMSXX,2.16
2025-02-04,VUSXX,4.26
2025-02-05,VMFXX,4.28
2025-02-05,VMSXX,2.09
2025-02-05,VUSXX,4.26
2025-02-06,VMFXX,4.28
2025-02-06,VMSXX,2.08
2025-02-06,VUSXX,4.26
2025-02-07,VMFXX,4.27
2025-02-07,VMSXX,2.06
2025-02-07,VUSXX,4.26
2025-02-10,VMFXX,4.27
2025-02-10,VMSXX,2.07
2025-02-10,VUSXX,4.27
2025-02-11,VMFXX,4.26
2025-02-11,VMSXX,2.10
2025-02-11,VUSXX,4.27
2025-02-12,VMFXX,4.26
2025-02-12,VMSXX,2.19
2025-02-12,VUSXX,4.27
2025-02-13,VMFXX,4.26
2025-02-13,VMSXX,2.37
2025-02-13,VUSXX,4.27
2025-02-14,VMFXX,4.25
2025-02-14,VMSXX,3.05
2025-02-14,VUSXX,4.27
2025-02-18,VMFXX,4.25
2025-02-18,VMSXX,3.20
2025-02-18,VUSXX,4.27
2025-02-19,VMFXX,4.25
2025-02-19,VMSXX,3.26
2025-02-19,VUSXX,4.27
2025-02-20,VMFXX,4.25
2025-02-20,VMSXX,3.19
2025-02-20,VUSXX,4.27
2025-02-21,VMFXX,4.26
2025-02-21,VMSXX,2.92
2025-02-21,VUSXX,4.27
2025-02-24,VMFXX,4.26
2025-02-24,VMSXX,2.81
2025-02-24,VUSXX,4.27
2025-02-25,VMFXX,4.26
2025-02-25,VMSXX,2.71
2025-02-25,VUSXX,4.27
2025-02-26,VMFXX,4.25
2025-02-26,VMSXX,2.60
2025-02-26,VUSXX,4.27
2025-02-27,VMFXX,4.25
2025-02-27,VMSXX,2.46
2025-02-27,VUSXX,4.27
2025-02-28,VMFXX,4.26
2025-02-28,VMSXX,2.11
2025-02-28,VUSXX,4.27
2025-03-03,VMFXX,4.26
2025-03-03,VMSXX,2.00
2025-03-03,VUSXX,4.26
2025-03-04,VMFXX,4.26
2025-03-04,VMSXX,1.90
2025-03-04,VUSXX,4.26
2025-03-05,VMFXX,4.26
2025-03-05,VMSXX,1.84
2025-03-05,VUSXX,4.26
2025-03-06,VMFXX,4.26
2025-03-06,VMSXX,1.92
2025-03-06,VUSXX,4.26
2025-03-07,VMFXX,4.24
2025-03-07,VMSXX,2.19
2025-03-07,VUSXX,4.25
2025-03-10,VMFXX,4.24
2025-03-10,VMSXX,2.29
2025-03-10,VUSXX,4.25
2025-03-11,VMFXX,4.24
2025-03-11,VMSXX,2.40
2025-03-11,VUSXX,4.25
2025-03-12,VMFXX,4.24
2025-03-12,VMSXX,2.53
2025-03-12,VUSXX,4.25
2025-03-13,VMFXX,4.24
2025-03-13,VMSXX,2.70
2025-03-13,VUSXX,4.25
2025-03-14,VMFXX,4.23
2025-03-14,VMSXX,3.13
2025-03-14,VUSXX,4.25
2025-03-17,VMFXX,4.23
2025-03-17,VMSXX,3.27
2025-03-17,VUSXX,4.25
2025-03-18,VMFXX,4.22
2025-03-18,VMSXX,3.40
2025-03-18,VUSXX,4.25
2025-03-19,VMFXX,4.22
2025-03-19,VMSXX,3.47
2025-03-19,VUSXX,4.25
2025-03-20,VMFXX,4.22
2025-03-20,VMSXX,3.42
2025-03-20,VUSXX,4.25
2025-03-21,VMFXX,4.21
2025-03-21,VMSXX,3.27
2025-03-21,VUSXX,4.25
2025-03-24,VMFXX,4.21
2025-03-24,VMSXX,3.23
2025-03-24,VUSXX,4.25
2025-03-25,VMFXX,4.21
2025-03-25,VMSXX,3.18
2025-03-25,VUSXX,4.25
2025-03-26,VMFXX,4.21
2025-03-26,VMSXX,3.13
2025-03-26,VUSXX,4.25
2025-03-27,VMFXX,4.22
2025-03-27,VMSXX,3.09
2025-03-27,VUSXX,4.25
2025-03-28,VMFXX,4.23
2025-03-28,VMSXX,3.00
2025-03-28,VUSXX,4.24
2025-03-31,VMFXX,4.23
2025-03-31,VMSXX,2.97
2025-03-31,VUSXX,4.25
2025-04-01,VMFXX,4.23
2025-04-01,VMSXX,2.92
2025-04-01,VUSXX,4.24
2025-04-02,VMFXX,4.23
2025-04-02,VMSXX,2.87
2025-04-02,VUSXX,4.24
2025-04-03,VMFXX,4.23
2025-04-03,VMSXX,2.84
2025-04-03,VUSXX,4.24
2025-04-04,VMFXX,4.23
2025-04-04,VMSXX,2.73
2025-04-04,VUSXX,4.23
2025-04-07,VMFXX,4.23
2025-04-07,VMSXX,2.72
2025-04-07,VUSXX,4.23
2025-04-08,VMFXX,4.23
2025-04-08,VMSXX,2.73
2025-04-08,VUSXX,4.23
2025-04-09,VMFXX,4.23
2025-04-09,VMSXX,2.83
2025-04-09,VUSXX,4.23
2025-04-10,VMFXX,4.23
2025-04-10,VMSXX,3.05
2025-04-10,VUSXX,4.23
2025-04-11,VMFXX,4.23
2025-04-11,VMSXX,3.73
2025-04-11,VUSXX,4.23
2025-04-14,VMFXX,4.23
2025-04-14,VMSXX,3.91
2025-04-14,VUSXX,4.23
2025-04-15,VMFXX,4.23
2025-04-15,VMSXX,4.10
2025-04-15,VUSXX,4.23
2025-04-16,VMFXX,4.23
2025-04-16,VMSXX,4.22
2025-04-16,VUSXX,4.23
2025-04-17,VMFXX,4.22
2025-04-17,VMSXX,4.11
2025-04-17,VUSXX,4.23
2025-04-21,VMFXX,4.22
2025-04-21,VMSXX,4.11
2025-04-21,VUSXX,4.23
2025-04-22,VMFXX,4.22
2025-04-22,VMSXX,4.08
2025-04-22,VUSXX,4.23
2025-04-23,VMFXX,4.22
2025-04-23,VMSXX,4.04
2025-04-23,VUSXX,4.23
2025-04-24,VMFXX,4.22
2025-04-24,VMSXX,3.95
2025-04-24,VUSXX,4.23
2025-04-25,VMFXX,4.22
2025-04-25,VMSXX,3.67
2025-04-25,VUSXX,4.23
2025-04-28,VMFXX,4.22
2025-04-28,VMSXX,3.57
2025-04-28,VUSXX,4.24
2025-04-29,VMFXX,4.22
2025-04-29,VMSXX,3.47
2025-04-29,VUSXX,4.24
2025-04-30,VMFXX,4.23
2025-04-30,VMSXX,3.37
2025-04-30,VUSXX,4.24
2025-05-01,VMFXX,4.23
2025-05-01,VMSXX,3.26
2025-05-01,VUSXX,4.24
2025-05-02,VMFXX,4.24
2025-05-02,VMSXX,2.88
2025-05-02,VUSXX,4.23
2025-05-05,VMFXX,4.24
2025-05-05,VMSXX,2.76
2025-05-05,VUSXX,4.23
2025-05-06,VMFXX,4.24
2025-05-06,VMSXX,2.63
2025-05-06,VUSXX,4.23
2025-05-07,VMFXX,4.23
2025-05-07,VMSXX,2.50
2025-05-07,VUSXX,4.23
2025-05-08,VMFXX,4.23
2025-05-08,VMSXX,2.38
2025-05-08,VUSXX,4.23
2025-05-09,VMFXX,4.21
2025-05-09,VMSXX,2.10
2025-05-09,VUSXX,4.23
2025-05-12,VMFXX,4.21
2025-05-12,VMSXX,2.03
2025-05-12,VUSXX,4.23
2025-05-13,VMFXX,4.20
2025-05-13,VMSXX,1.97
2025-05-13,VUSXX,4.23
2025-05-14,VMFXX,4.20
2025-05-14,VMSXX,2.01
2025-05-14,VUSXX,4.23
2025-05-15,VMFXX,4.21
2025-05-15,VMSXX,2.21
2025-05-15,VUSXX,4.23
2025-05-16,VMFXX,4.21
2025-05-16,VMSXX,2.77
2025-05-16,VUSXX,4.23
2025-05-19,VMFXX,4.21
2025-05-19,VMSXX,2.95
2025-05-19,VUSXX,4.23
2025-05-20,VMFXX,4.21
2025-05-20,VMSXX,3.10
2025-05-20,VUSXX,4.23
2025-05-21,VMFXX,4.21
2025-05-21,VMSXX,3.16
2025-05-21,VUSXX,4.23
2025-05-22,VMFXX,4.21
2025-05-22,VMSXX,3.05
2025-05-22,VUSXX,4.23
2025-05-23,VMFXX,4.20
2025-05-23,VMSXX,2.68
2025-05-23,VUSXX,4.23
2025-05-27,VMFXX,4.20
2025-05-27,VMSXX,2.58
2025-05-27,VUSXX,4.23
2025-05-28,VMFXX,4.20
2025-05-28,VMSXX,2.50
2025-05-28,VUSXX,4.23
2025-05-29,VMFXX,4.21
2025-05-29,VMSXX,2.44
2025-05-29,VUSXX,4.23
2025-05-30,VMFXX,4.22
2025-05-30,VMSXX,2.27
2025-05-30,VUSXX,4.23
2025-06-02,VMFXX,4.22
2025-06-02,VMSXX,2.19
2025-06-02,VUSXX,4.23
2025-06-03,VMFXX,4.23
2025-06-03,VMSXX,2.12
2025-06-03,VUSXX,4.23
2025-06-04,VMFXX,4.22
2025-06-04,VMSXX,2.06
2025-06-04,VUSXX,4.23
2025-06-05,VMFXX,4.22
2025-06-05,VMSXX,2.03
2025-06-05,VUSXX,4.23
2025-06-06,VMFXX,4.20
2025-06-06,VMSXX,1.93
2025-06-06,VUSXX,4.22
2025-06-09,VMFXX,4.20
2025-06-09,VMSXX,1.92
2025-06-09,VUSXX,4.22
2025-06-10,VMFXX,4.20
2025-06-10,VMSXX,1.93
2025-06-10,VUSXX,4.22
2025-06-11,VMFXX,4.20
2025-06-11,VMSXX,1.99
2025-06-11,VUSXX,4.22
2025-06-12,VMFXX,4.20
2025-06-12,VMSXX,2.20
2025-06-12,VUSXX,4.22
2025-06-13,VMFXX,4.20
2025-06-13,VMSXX,2.75
2025-06-13,VUSXX,4.22
2025-06-16,VMFXX,4.20
2025-06-16,VMSXX,2.93
2025-06-16,VUSXX,4.22
2025-06-17,VMFXX,4.20
2025-06-17,VMSXX,3.09
2025-06-17,VUSXX,4.22
2025-06-18,VMFXX,4.20
2025-06-18,VMSXX,3.16
2025-06-18,VUSXX,4.22
2025-06-20,VMFXX,4.21
2025-06-20,VMSXX,2.93
2025-06-20,VUSXX,4.21
2025-06-23,VMFXX,4.20
2025-06-23,VMSXX,2.86
2025-06-23,VUSXX,4.21
2025-06-24,VMFXX,4.20
2025-06-24,VMSXX,2.80
2025-06-24,VUSXX,4.21
2025-06-25,VMFXX,4.21
2025-06-25,VMSXX,2.73
2025-06-25,VUSXX,4.21
2025-06-26,VMFXX,4.21
2025-06-26,VMSXX,2.60
2025-06-26,VUSXX,4.20
2025-06-27,VMFXX,4.23
2025-06-27,VMSXX,2.42
2025-06-27,VUSXX,4.20
2025-06-30,VMFXX,4.23
2025-06-30,VMSXX,2.36
2025-06-30,VUSXX,4.20
2025-07-01,VMFXX,4.24
2025-07-01,VMSXX,2.27
2025-07-01,VUSXX,4.19
2025-07-02,VMFXX,4.24
2025-07-02,VMSXX,2.18
2025-07-02,VUSXX,4.19
2025-07-03,VMFXX,4.23
2025-07-03,VMSXX,1.90
2025-07-03,VUSXX,4.18
2025-07-07,VMFXX,4.23
2025-07-07,VMSXX,1.81
2025-07-07,VUSXX,4.17
2025-07-08,VMFXX,4.23
2025-07-08,VMSXX,1.75
2025-07-08,VUSXX,4.18
2025-07-09,VMFXX,4.22
2025-07-09,VMSXX,1.72
2025-07-09,VUSXX,4.18
2025-07-10,VMFXX,4.22
2025-07-10,VMSXX,1.71
2025-07-10,VUSXX,4.18
2025-07-11,VMFXX,4.21
2025-07-11,VMSXX,1.73
2025-07-11,VUSXX,4.18
2025-07-14,VMFXX,4.21
2025-07-14,VMSXX,1.75
2025-07-14,VUSXX,4.18
2025-07-15,VMFXX,4.22
2025-07-15,VMSXX,1.77
2025-07-15,VUSXX,4.19
2025-07-16,VMFXX,4.22
2025-07-16,VMSXX,1.82
2025-07-16,VUSXX,4.19
2025-07-17,VMFXX,4.22
2025-07-17,VMSXX,1.93
2025-07-17,VUSXX,4.19
2025-07-18,VMFXX,4.22
2025-07-18,VMSXX,2.23
2025-07-18,VUSXX,4.20
2025-07-21,VMFXX,4.22
2025-07-21,VMSXX,2.32
2025-07-21,VUSXX,4.20
2025-07-22,VMFXX,4.22
2025-07-22,VMSXX,2.41
2025-07-22,VUSXX,4.21
2025-07-23,VMFXX,4.21
2025-07-23,VMSXX,2.50
2025-07-23,VUSXX,4.21
2025-07-24,VMFXX,4.21
2025-07-24,VMSXX,2.53
2025-07-24,VUSXX,4.21
2025-07-25,VMFXX,4.22
2025-07-25,VMSXX,2.65
2025-07-25,VUSXX,4.22
2025-07-28,VMFXX,4.22
2025-07-28,VMSXX,2.70
2025-07-28,VUSXX,4.23
2025-07-29,VMFXX,4.22
2025-07-29,VMSXX,2.74
2025-07-29,VUSXX,4.23
2025-07-30,VMFXX,4.23
2025-07-30,VMSXX,2.75
2025-07-30,VUSXX,4.23
2025-07-31,VMFXX,4.23
2025-07-31,VMSXX,2.70
2025-07-31,VUSXX,4.23
2025-08-01,VMFXX,4.23
2025-08-01,VMSXX,2.45
2025-08-01,VUSXX,4.24
2025-08-04,VMFXX,4.22
2025-08-04,VMSXX,2.35
2025-08-04,VUSXX,4.24
2025-08-05,VMFXX,4.22
2025-08-05,VMSXX,2.26
2025-08-05,VUSXX,4.24
2025-08-06,VMFXX,4.22
2025-08-06,VMSXX,2.17
2025-08-06,VUSXX,4.24
2025-08-07,VMFXX,4.22
2025-08-07,VMSXX,2.09
2025-08-07,VUSXX,4.23
2025-08-08,VMFXX,4.22
2025-08-08,VMSXX,1.95
2025-08-08,VUSXX,4.24
2025-08-11,VMFXX,4.22
2025-08-11,VMSXX,1.92
2025-08-11,VUSXX,4.24
2025-08-12,VMFXX,4.22
2025-08-12,VMSXX,1.88
2025-08-12,VUSXX,4.24
2025-08-13,VMFXX,4.22
2025-08-13,VMSXX,1.90
2025-08-13,VUSXX,4.24
2025-08-14,VMFXX,4.22
2025-08-14,VMSXX,2.04
2025-08-14,VUSXX,4.24
2025-08-15,VMFXX,4.22
2025-08-15,VMSXX,2.42
2025-08-15,VUSXX,4.24
2025-08-18,VMFXX,4.21
2025-08-18,VMSXX,2.54
2025-08-18,VUSXX,4.24
2025-08-19,VMFXX,4.21
2025-08-19,VMSXX,2.66
2025-08-19,VUSXX,4.24
2025-08-20,VMFXX,4.21
2025-08-20,VMSXX,2.74
2025-08-20,VUSXX,4.24
2025-08-21,VMFXX,4.21
2025-08-21,VMSXX,2.74
2025-08-21,VUSXX,4.24
2025-08-22,VMFXX,4.20
2025-08-22,VMSXX,2.75
2025-08-22,VUSXX,4.24
2025-08-25,VMFXX,4.20
2025-08-25,VMSXX,2.75
2025-08-25,VUSXX,4.24
2025-08-26,VMFXX,4.21
2025-08-26,VMSXX,2.76
2025-08-26,VUSXX,4.24
2025-08-27,VMFXX,4.21
2025-08-27,VMSXX,2.76
2025-08-27,VUSXX,4.24
2025-08-28,VMFXX,4.21
2025-08-28,VMSXX,2.77
2025-08-28,VUSXX,4.24
2025-08-29,VMFXX,4.21
2025-08-29,VMSXX,2.81
2025-08-29,VUSXX,4.23
2025-09-02,VMFXX,4.21
2025-09-02,VMSXX,2.81
2025-09-02,VUSXX,4.23
2025-09-03,VMFXX,4.20
2025-09-03,VMSXX,2.79
2025-09-03,VUSXX,4.22
2025-09-04,VMFXX,4.20
2025-09-04,VMSXX,2.75
2025-09-04,VUSXX,4.22
2025-09-05,VMFXX,4.20
2025-09-05,VMSXX,2.64
2025-09-05,VUSXX,4.20
2025-09-08,VMFXX,4.20
2025-09-08,VMSXX,2.60
2025-09-08,VUSXX,4.20
2025-09-09,VMFXX,4.20
2025-09-09,VMSXX,2.58
2025-09-09,VUSXX,4.19
2025-09-10,VMFXX,4.20
2025-09-10,VMSXX,2.57
2025-09-10,VUSXX,4.19
2025-09-11,VMFXX,4.20
2025-09-11,VMSXX,2.58
2025-09-11,VUSXX,4.19
2025-09-12,VMFXX,4.19
2025-09-12,VMSXX,2.60
2025-09-12,VUSXX,4.17
2025-09-15,VMFXX,4.19
2025-09-15,VMSXX,2.61
2025-09-15,VUSXX,4.17
2025-09-16,VMFXX,4.19
2025-09-16,VMSXX,2.61
2025-09-16,VUSXX,4.17
2025-09-17,VMFXX,4.19
2025-09-17,VMSXX,2.61
2025-09-17,VUSXX,4.16
2025-09-18,VMFXX,4.18
2025-09-18,VMSXX,2.61
2025-09-18,VUSXX,4.16
2025-09-19,VMFXX,4.13
2025-09-19,VMSXX,2.62
2025-09-19,VUSXX,4.15
2025-09-22,VMFXX,4.12
2025-09-22,VMSXX,2.62
2025-09-22,VUSXX,4.14
2025-09-23,VMFXX,4.10
2025-09-23,VMSXX,2.63
2025-09-23,VUSXX,4.14
2025-09-24,VMFXX,4.09
2025-09-24,VMSXX,2.65
2025-09-24,VUSXX,4.13
2025-09-25,VMFXX,4.08
2025-09-25,VMSXX,2.68
2025-09-25,VUSXX,4.13
2025-09-26,VMFXX,4.08
2025-09-26,VMSXX,2.79
2025-09-26,VUSXX,4.11
2025-09-29,VMFXX,4.08
2025-09-29,VMSXX,2.83
2025-09-29,VUSXX,4.10
2025-09-30,VMFXX,4.08
2025-09-30,VMSXX,2.89
2025-09-30,VUSXX,4.10
2025-10-01,VMFXX,4.08
2025-10-01,VMSXX,2.90
2025-10-01,VUSXX,4.09
2025-10-02,VMFXX,4.07
2025-10-02,VMSXX,2.88
2025-10-02,VUSXX,4.09
2025-10-03,VMFXX,4.06
2025-10-03,VMSXX,2.83
2025-10-03,VUSXX,4.07
2025-10-06,VMFXX,4.06
2025-10-06,VMSXX,2.80
2025-10-06,VUSXX,4.07
2025-10-07,VMFXX,4.06
2025-10-07,VMSXX,2.78
2025-10-07,VUSXX,4.06
2025-10-08,VMFXX,4.05
2025-10-08,VMSXX,2.77
2025-10-08,VUSXX,4.06
2025-10-09,VMFXX,4.05
2025-10-09,VMSXX,2.74
2025-10-09,VUSXX,4.06
2025-10-10,VMFXX,4.04
2025-10-10,VMSXX,2.66
2025-10-10,VUSXX,4.04
2025-10-13,VMFXX,4.03
2025-10-13,VMSXX,2.64
2025-10-13,VUSXX,4.04
2025-10-14,VMFXX,4.03
2025-10-14,VMSXX,2.60
2025-10-14,VUSXX,4.04
2025-10-15,VMFXX,4.04
2025-10-15,VMSXX,2.57
2025-10-15,VUSXX,4.04
2025-10-16,VMFXX,4.04
2025-10-16,VMSXX,2.52
2025-10-16,VUSXX,4.03
2025-10-17,VMFXX,4.05
2025-10-17,VMSXX,2.38
2025-10-17,VUSXX,4.02
2025-10-20,VMFXX,4.05
2025-10-20,VMSXX,2.32
2025-10-20,VUSXX,4.02
2025-10-21,VMFXX,4.05
2025-10-21,VMSXX,2.28
2025-10-21,VUSXX,4.01
2025-10-22,VMFXX,4.05
2025-10-22,VMSXX,2.25
2025-10-22,VUSXX,4.01
2025-10-23,VMFXX,4.04
2025-10-23,VMSXX,2.30
2025-10-23,VUSXX,4.01
2025-10-24,VMFXX,4.04
2025-10-24,VMSXX,2.47
2025-10-24,VUSXX,4.00
2025-10-27,VMFXX,4.04
2025-10-27,VMSXX,2.54
2025-10-27,VUSXX,3.99
2025-10-28,VMFXX,4.05
2025-10-28,VMSXX,2.60
2025-10-28,VUSXX,3.99
2025-10-29,VMFXX,4.05
2025-10-29,VMSXX,2.67
2025-10-29,VUSXX,3.99
2025-10-30,VMFXX,4.04
2025-10-30,VMSXX,2.76
2025-10-30,VUSXX,3.99
2025-10-31,VMFXX,4.01
2025-10-31,VMSXX,3.01
2025-10-31,VUSXX,3.98
2025-11-03,VMFXX,4.00
2025-11-03,VMSXX,3.06
2025-11-03,VUSXX,3.98
2025-11-04,VMFXX,3.98
2025-11-04,VMSXX,3.09
2025-11-04,VUSXX,3.97
2025-11-05,VMFXX,3.96
2025-11-05,VMSXX,3.09
2025-11-05,VUSXX,3.96
2025-11-06,VMFXX,3.95
2025-11-06,VMSXX,3.00
2025-11-06,VUSXX,3.96
2025-11-07,VMFXX,3.91
2025-11-07,VMSXX,2.74
2025-11-07,VUSXX,3.94
2025-11-10,VMFXX,3.89
2025-11-10,VMSXX,2.67
2025-11-10,VUSXX,3.93
2025-11-11,VMFXX,3.88
2025-11-11,VMSXX,2.63
2025-11-11,VUSXX,3.93
2025-11-12,VMFXX,3.88
2025-11-12,VMSXX,2.58
2025-11-12,VUSXX,3.93
2025-11-13,VMFXX,3.88
2025-11-13,VMSXX,2.55
2025-11-13,VUSXX,3.93
2025-11-14,VMFXX,3.89
2025-11-14,VMSXX,2.49
2025-11-14,VUSXX,3.92
2025-11-17,VMFXX,3.89
2025-11-17,VMSXX,2.47
2025-11-17,VUSXX,3.92
2025-11-18,VMFXX,3.89
2025-11-18,VMSXX,2.45
2025-11-18,VUSXX,3.91
2025-11-19,VMFXX,3.89
2025-11-19,VMSXX,2.45
2025-11-19,VUSXX,3.91
2025-11-20,VMFXX,3.88
2025-11-20,VMSXX,2.50
2025-11-20,VUSXX,3.91
2025-11-21,VMFXX,3.87
2025-11-21,VMSXX,2.65
2025-11-21,VUSXX,3.90
2025-11-24,VMFXX,3.87
2025-11-24,VMSXX,2.70
2025-11-24,VUSXX,3.90
2025-11-25,VMFXX,3.87
2025-11-25,VMSXX,2.74
2025-11-25,VUSXX,3.90
2025-11-26,VMFXX,3.88
2025-11-26,VMSXX,2.77
2025-11-26,VUSXX,3.90
2025-11-28,VMFXX,3.90
2025-11-28,VMSXX,2.74
2025-11-28,VUSXX,3.89
2025-12-01,VMFXX,3.91
2025-12-01,VMSXX,2.71
2025-12-01,VUSXX,3.89
2025-12-02,VMFXX,3.91
2025-12-02,VMSXX,2.66
2025-12-02,VUSXX,3.89
2025-12-03,VMFXX,3.90
2025-12-03,VMSXX,2.59
2025-12-03,VUSXX,3.88
2025-12-04,VMFXX,3.89
2025-12-04,VMSXX,2.47
2025-12-04,VUSXX,3.88
2025-12-05,VMFXX,3.86
2025-12-05,VMSXX,2.14
2025-12-05,VUSXX,3.86
2025-12-08,VMFXX,3.85
2025-12-08,VMSXX,2.07
2025-12-08,VUSXX,3.86
2025-12-09,VMFXX,3.84
2025-12-09,VMSXX,2.03
2025-12-09,VUSXX,3.85
2025-12-10,VMFXX,3.83
2025-12-10,VMSXX,2.04
2025-12-10,VUSXX,3.85
2025-12-11,VMFXX,3.82
2025-12-11,VMSXX,2.20
2025-12-11,VUSXX,3.84
2025-12-12,VMFXX,3.77
2025-12-12,VMSXX,2.65
2025-12-12,VUSXX,3.83
2025-12-15,VMFXX,3.75
2025-12-15,VMSXX,2.78
2025-12-15,VUSXX,3.83
2025-12-16,VMFXX,3.74
2025-12-16,VMSXX,2.90
2025-12-16,VUSXX,3.82
2025-12-17,VMFXX,3.72
2025-12-17,VMSXX,3.01
2025-12-17,VUSXX,3.82
2025-12-18,VMFXX,3.72
2025-12-18,VMSXX,3.03
2025-12-18,VUSXX,3.81
2025-12-19,VMFXX,3.71
2025-12-19,VMSXX,3.10
2025-12-19,VUSXX,3.79
2025-12-22,VMFXX,3.70
2025-12-22,VMSXX,3.13
2025-12-22,VUSXX,3.79
2025-12-23,VMFXX,3.70
2025-12-23,VMSXX,3.16
2025-12-23,VUSXX,3.78
2025-12-24,VMFXX,3.69
2025-12-24,VMSXX,3.17
2025-12-24,VUSXX,3.78
2025-12-26,VMFXX,3.70
2025-12-26,VMSXX,3.16
2025-12-26,VUSXX,3.76
2025-12-29,VMFXX,3.70
2025-12-29,VMSXX,3.16
2025-12-29,VUSXX,3.75
2025-12-30,VMFXX,3.70
2025-12-30,VMSXX,3.15
2025-12-30,VUSXX,3.74
2025-12-31,VMFXX,3.71
2025-12-31,VMSXX,3.07
2025-12-31,VUSXX,3.72
2026-01-02,VMFXX,3.70
2026-01-02,VMSXX,2.56
2026-01-02,VUSXX,3.70
2026-01-05,VMFXX,3.69
2026-01-05,VMSXX,2.39
2026-01-05,VUSXX,3.69
2026-01-06,VMFXX,3.69
2026-01-06,VMSXX,2.23
2026-01-06,VUSXX,3.68
2026-01-07,VMFXX,3.68
2026-01-07,VMSXX,2.06
2026-01-07,VUSXX,3.68
2026-01-08,VMFXX,3.66
2026-01-08,VMSXX,1.82
2026-01-08,VUSXX,3.67
2026-01-09,VMFXX,3.64
2026-01-09,VMSXX,1.47
2026-01-09,VUSXX,3.66
2026-01-12,VMFXX,3.64
2026-01-12,VMSXX,1.36
2026-01-12,VUSXX,3.66
2026-01-13,VMFXX,3.64
2026-01-13,VMSXX,1.26
2026-01-13,VUSXX,3.66
2026-01-14,VMFXX,3.64
2026-01-14,VMSXX,1.19
2026-01-14,VUSXX,3.65
2026-01-15,VMFXX,3.63
2026-01-15,VMSXX,1.18
2026-01-15,VUSXX,3.65
2026-01-16,VMFXX,3.63
2026-01-16,VMSXX,1.17
2026-01-16,VUSXX,3.65
2026-01-20,VMFXX,3.63
2026-01-20,VMSXX,1.16
2026-01-20,VUSXX,3.65
2026-01-21,VMFXX,3.63
2026-01-21,VMSXX,1.16
2026-01-21,VUSXX,3.65
2026-01-22,VMFXX,3.63
2026-01-22,VMSXX,1.17
2026-01-22,VUSXX,3.65
2026-01-23,VMFXX,3.63
2026-01-23,VMSXX,1.26
2026-01-23,VUSXX,3.65
2026-01-26,VMFXX,3.63
2026-01-26,VMSXX,1.31
2026-01-26,VUSXX,3.65
2026-01-27,VMFXX,3.63
2026-01-27,VMSXX,1.37
2026-01-27,VUSXX,3.66
2026-01-28,VMFXX,3.63
2026-01-28,VMSXX,1.46
2026-01-28,VUSXX,3.66
2026-01-29,VMFXX,3.63
2026-01-29,VMSXX,1.63
2026-01-29,VUSXX,3.67
2026-01-30,VMFXX,3.62
2026-01-30,VMSXX,2.09
2026-01-30,VUSXX,3.61
2026-02-02,VMFXX,3.62
2026-02-02,VMSXX,2.19
2026-02-02,VUSXX,3.60
2026-02-03,VMFXX,3.62
2026-02-03,VMSXX,2.28
2026-02-03,VUSXX,3.59
2026-02-04,VMFXX,3.62
2026-02-04,VMSXX,2.33
2026-02-04,VUSXX,3.58
2026-02-05,VMFXX,3.61
2026-02-05,VMSXX,2.30
2026-02-05,VUSXX,3.58
2026-02-06,VMFXX,3.60
2026-02-06,VMSXX,2.23
2026-02-06,VUSXX,3.64
2026-02-09,VMFXX,3.60
2026-02-09,VMSXX,2.24
2026-02-09,VUSXX,3.64
2026-02-10,VMFXX,3.59
2026-02-10,VMSXX,2.24
2026-02-10,VUSXX,3.64
2026-02-11,VMFXX,3.59
2026-02-11,VMSXX,2.25
2026-02-11,VUSXX,3.64
2026-02-12,VMFXX,3.59
2026-02-12,VMSXX,2.30
2026-02-12,VUSXX,3.64
2026-02-13,VMFXX,3.59
2026-02-13,VMSXX,2.44
2026-02-13,VUSXX,3.65
2026-02-17,VMFXX,3.59
2026-02-17,VMSXX,2.48
2026-02-17,VUSXX,3.65
2026-02-18,VMFXX,3.60
2026-02-18,VMSXX,2.48
2026-02-18,VUSXX,3.65
2026-02-19,VMFXX,3.60
2026-02-19,VMSXX,2.43
2026-02-19,VUSXX,3.64
2026-02-20,VMFXX,3.59
2026-02-20,VMSXX,2.27
2026-02-20,VUSXX,3.64
2026-02-23,VMFXX,3.59
2026-02-23,VMSXX,2.20
2026-02-23,VUSXX,3.64
2026-02-24,VMFXX,3.59
2026-02-24,VMSXX,2.15
2026-02-24,VUSXX,3.64
2026-02-25,VMFXX,3.59
2026-02-25,VMSXX,2.11
2026-02-25,VUSXX,3.64
2026-02-26,VMFXX,3.59
2026-02-26,VMSXX,2.08
2026-02-26,VUSXX,3.63
2026-02-27,VMFXX,3.59
2026-02-27,VMSXX,1.97
2026-02-27,VUSXX,3.63
2026-03-02,VMFXX,3.59
2026-03-02,VMSXX,1.92
2026-03-02,VUSXX,3.63
2026-03-03,VMFXX,3.59
2026-03-03,VMSXX,1.86
2026-03-03,VUSXX,3.63
2026-03-04,VMFXX,3.59
2026-03-04,VMSXX,1.82
2026-03-04,VUSXX,3.63
2026-03-05,VMFXX,3.59
2026-03-05,VMSXX,1.77
2026-03-05,VUSXX,3.63
2026-03-06,VMFXX,3.59
2026-03-06,VMSXX,1.69
2026-03-06,VUSXX,3.62
2026-03-09,VMFXX,3.58
2026-03-09,VMSXX,1.69
2026-03-09,VUSXX,3.62
2026-03-10,VMFXX,3.58
2026-03-10,VMSXX,1.69
2026-03-10,VUSXX,3.62
2026-03-11,VMFXX,3.58
2026-03-11,VMSXX,1.72
2026-03-11,VUSXX,3.62
2026-03-12,VMFXX,3.58
2026-03-12,VMSXX,1.84
2026-03-12,VUSXX,3.62
2026-03-13,VMFXX,3.58
2026-03-13,VMSXX,2.16
2026-03-13,VUSXX,3.62
2026-03-16,VMFXX,3.58
2026-03-16,VMSXX,2.25
2026-03-16,VUSXX,3.62
2026-03-17,VMFXX,3.58
2026-03-17,VMSXX,2.33
2026-03-17,VUSXX,3.62
2026-03-18,VMFXX,3.58
2026-03-18,VMSXX,2.40
2026-03-18,VUSXX,3.62
2026-03-19,VMFXX,3.58
2026-03-19,VMSXX,2.40
2026-03-19,VUSXX,3.62
2026-03-20,VMFXX,3.58
2026-03-20,VMSXX,2.39
2026-03-20,VUSXX,3.63
2026-03-23,VMFXX,3.58
2026-03-23,VMSXX,2.39
2026-03-23,VUSXX,3.63
2026-03-24,VMFXX,3.58
2026-03-24,VMSXX,2.39
2026-03-24,VUSXX,3.63
2026-03-25,VMFXX,3.58
2026-03-25,VMSXX,2.40
2026-03-25,VUSXX,3.63
2026-03-26,VMFXX,3.58
2026-03-26,VMSXX,2.39
2026-03-26,VUSXX,3.63
2026-03-27,VMFXX,3.58
2026-03-27,VMSXX,2.39
2026-03-27,VUSXX,3.63
2026-03-30,VMFXX,3.58
2026-03-30,VMSXX,2.40
2026-03-30,VUSXX,3.63
2026-03-31,VMFXX,3.58
2026-03-31,VMSXX,2.41
2026-03-31,VUSXX,3.63
2026-04-01,VMFXX,3.58
2026-04-01,VMSXX,2.40
2026-04-01,VUSXX,3.63
2026-04-02,VMFXX,3.58
2026-04-02,VMSXX,2.29
2026-04-02,VUSXX,3.63
2026-04-06,VMFXX,3.58
2026-04-06,VMSXX,2.27
2026-04-06,VUSXX,3.62
2026-04-07,VMFXX,3.57
2026-04-07,VMSXX,2.25
2026-04-07,VUSXX,3.62
2026-04-08,VMFXX,3.57
2026-04-08,VMSXX,2.28
2026-04-08,VUSXX,3.62
2026-04-09,VMFXX,3.57
2026-04-09,VMSXX,2.36
2026-04-09,VUSXX,3.62
2026-04-10,VMFXX,3.56
2026-04-10,VMSXX,2.61
2026-04-10,VUSXX,3.62
2026-04-13,VMFXX,3.56
2026-04-13,VMSXX,2.69
2026-04-13,VUSXX,3.62
2026-04-14,VMFXX,3.56
2026-04-14,VMSXX,2.77
2026-04-14,VUSXX,3.62
2026-04-15,VMFXX,3.56
2026-04-15,VMSXX,2.85
2026-04-15,VUSXX,3.62
2026-04-16,VMFXX,3.57
2026-04-16,VMSXX,2.95
2026-04-16,VUSXX,3.62
2026-04-17,VMFXX,3.58
2026-04-17,VMSXX,3.24
2026-04-17,VUSXX,3.62
2026-04-20,VMFXX,3.58
2026-04-20,VMSXX,3.33
2026-04-20,VUSXX,3.62
2026-04-21,VMFXX,3.58
2026-04-21,VMSXX,3.42
2026-04-21,VUSXX,3.62
2026-04-22,VMFXX,3.58
2026-04-22,VMSXX,3.49
2026-04-22,VUSXX,3.62
2026-04-23,VMFXX,3.58
2026-04-23,VMSXX,3.48
2026-04-23,VUSXX,3.62
2026-04-24,VMFXX,3.58
2026-04-24,VMSXX,3.47
2026-04-24,VUSXX,3.62
2026-04-27,VMFXX,3.58
2026-04-27,VMSXX,3.46
2026-04-27,VUSXX,3.62
2026-04-28,VMFXX,3.58
2026-04-28,VMSXX,3.46
2026-04-28,VUSXX,3.62
2026-04-29,VMFXX,3.58
2026-04-29,VMSXX,3.44
2026-04-29,VUSXX,3.62
2026-04-30,VMFXX,3.58
2026-04-30,VMSXX,3.38
2026-04-30,VUSXX,3.62
2026-05-01,VMFXX,3.58
2026-05-01,VMSXX,3.14
2026-05-01,VUSXX,3.61
2026-05-04,VMFXX,3.58
2026-05-04,VMSXX,3.04
2026-05-04,VUSXX,3.61
2026-05-05,VMFXX,3.57
2026-05-05,VMSXX,2.96
2026-05-05,VUSXX,3.61
2026-05-06,VMFXX,3.57
2026-05-06,VMSXX,2.87
2026-05-06,VUSXX,3.61
2026-05-07,VMFXX,3.57
2026-05-07,VMSXX,2.78
2026-05-07,VUSXX,3.61
2026-05-08,VMFXX,3.56
2026-05-08,VMSXX,2.56
2026-05-08,VUSXX,3.61
2026-05-11,VMFXX,3.56
2026-05-11,VMSXX,2.49
2026-05-11,VUSXX,3.61
2026-05-12,VMFXX,3.55
2026-05-12,VMSXX,2.43
2026-05-12,VUSXX,3.61
2026-05-13,VMFXX,3.55
2026-05-13,VMSXX,2.37
2026-05-13,VUSXX,3.61
2026-05-14,VMFXX,3.55
2026-05-14,VMSXX,2.35
2026-05-14,VUSXX,3.61
2026-05-15,VMFXX,3.54
2026-05-15,VMSXX,2.29
2026-05-15,VUSXX,3.61
2026-05-18,VMFXX,3.54
2026-05-18,VMSXX,2.27
2026-05-18,VUSXX,3.61
2026-05-19,VMFXX,3.54
2026-05-19,VMSXX,2.23
2026-05-19,VUSXX,3.61
2026-05-20,VMFXX,3.53
2026-05-20,VMSXX,2.19
2026-05-20,VUSXX,3.61
2026-05-21,VMFXX,3.53
2026-05-21,VMSXX,2.10
2026-05-21,VUSXX,3.61
2026-05-22,VMFXX,3.53
2026-05-22,VMSXX,1.82
2026-05-22,VUSXX,3.61
2026-05-26,VMFXX,3.53
2026-05-26,VMSXX,1.74
2026-05-26,VUSXX,3.61
2026-05-27,VMFXX,3.54
2026-05-27,VMSXX,1.69
2026-05-27,VUSXX,3.60
2026-05-28,VMFXX,3.55
2026-05-28,VMSXX,1.69
2026-05-28,VUSXX,3.60
2026-05-29,VMFXX,3.56
2026-05-29,VMSXX,1.71
2026-05-29,VUSXX,3.60
2026-06-01,VMFXX,3.57
2026-06-01,VMSXX,1.69
2026-06-01,VUSXX,3.60
2026-06-02,VMFXX,3.57
2026-06-02,VMSXX,1.68
2026-06-02,VUSXX,3.60
2026-06-03,VMFXX,3.57
2026-06-03,VMSXX,1.70
2026-06-03,VUSXX,3.60
2026-06-04,VMFXX,3.57
2026-06-04,VMSXX,1.77
2026-06-04,VUSXX,3.60
2026-06-05,VMFXX,3.56
2026-06-05,VMSXX,1.97
2026-06-05,VUSXX,3.59
2026-06-08,VMFXX,3.56
2026-06-08,VMSXX,2.07
2026-06-08,VUSXX,3.59
2026-06-09,VMFXX,3.56
2026-06-09,VMSXX,2.16
2026-06-09,VUSXX,3.60
2026-06-10,VMFXX,3.56
2026-06-10,VMSXX,2.24
2026-06-10,VUSXX,3.60
2026-06-11,VMFXX,3.56
2026-06-11,VMSXX,2.34
2026-06-11,VUSXX,3.60
2026-06-12,VMFXX,3.56
2026-06-12,VMSXX,2.59
2026-06-12,VUSXX,3.61
2026-06-15,VMFXX,3.56
2026-06-15,VMSXX,2.65
2026-06-15,VUSXX,3.61
2026-06-16,VMFXX,3.57
2026-06-16,VMSXX,2.72
2026-06-16,VUSXX,3.61
2026-06-17,VMFXX,3.57
2026-06-17,VMSXX,2.76
2026-06-17,VUSXX,3.61
2026-06-18,VMFXX,3.58
2026-06-18,VMSXX,2.60
2026-06-18,VUSXX,3.61
2026-06-22,VMFXX,3.57
2026-06-22,VMSXX,2.58
2026-06-22,VUSXX,3.61
2026-06-23,VMFXX,3.57
2026-06-23,VMSXX,2.56
2026-06-23,VUSXX,3.62
2026-06-24,VMFXX,3.57
2026-06-24,VMSXX,2.55
2026-06-24,VUSXX,3.62
2026-06-25,VMFXX,3.57
2026-06-25,VMSXX,2.57
2026-06-25,VUSXX,3.62
2026-06-26,VMFXX,3.58
2026-06-26,VMSXX,2.62
2026-06-26,VUSXX,3.62
2026-06-29,VMFXX,3.58
2026-06-29,VMSXX,2.63
2026-06-29,VUSXX,3.62
2026-06-30,VMFXX,3.58
2026-06-30,VMSXX,2.65
2026-06-30,VUSXX,3.63
2026-07-01,VMFXX,3.58
2026-07-01,VMSXX,2.59
2026-07-01,VUSXX,3.63
2026-07-02,VMFXX,3.59
2026-07-02,VMSXX,1.94
2026-07-02,VUSXX,3.63
2026-07-06,VMFXX,3.59
2026-07-06,VMSXX,1.77
2026-07-06,VUSXX,3.63
2026-07-07,VMFXX,3.58
2026-07-07,VMSXX,1.62
2026-07-07,VUSXX,3.63
2026-07-08,VMFXX,3.58
2026-07-08,VMSXX,1.54
2026-07-08,VUSXX,3.63
2026-07-09,VMFXX,3.58
2026-07-09,VMSXX,1.60
2026-07-09,VUSXX,3.64
2026-07-10,VMFXX,3.56
2026-07-10,VMSXX,1.81
2026-07-10,VUSXX,3.64
2026-07-13,VMFXX,3.55
2026-07-13,VMSXX,1.88
2026-07-13,VUSXX,3.64
2026-07-14,VMFXX,3.55
2026-07-14,VMSXX,1.95
2026-07-14,VUSXX,3.64
2026-07-15,VMFXX,3.56
2026-07-15,VMSXX,2.02
2026-07-15,VUSXX,3.65
2026-07-16,VMFXX,3.56
2026-07-16,VMSXX,2.15
2026-07-16,VUSXX,3.65
2026-07-17,VMFXX,3.58
2026-07-17,VMSXX,2.49
2026-07-17,VUSXX,3.65
2026-07-20,VMFXX,3.58
2026-07-20,VMSXX,2.61
2026-07-20,VUSXX,3.65
2026-07-21,VMFXX,3.58
2026-07-21,VMSXX,2.72
2026-07-21,VUSXX,3.65
2026-07-22,VMFXX,3.57
2026-07-22,VMSXX,2.78
2026-07-22,VUSXX,3.65
2026-07-23,VMFXX,3.57
2026-07-23,VMSXX,2.74
2026-07-23,VUSXX,3.65
2026-07-24,VMFXX,3.59
2026-07-24,VMSXX,2.63
2026-07-24,VUSXX,3.66
2026-07-27,VMFXX,3.60
2026-07-27,VMSXX,2.59
2026-07-27,VUSXX,3.66
2026-07-28,VMFXX,3.60
2026-07-28,VMSXX,2.54
2026-07-28,VUSXX,3.66
2026-07-29,VMFXX,3.61
2026-07-29,VMSXX,2.51
2026-07-29,VUSXX,3.67
2026-07-30,VMFXX,3.61
2026-07-30,VMSXX,2.47
2026-07-30,VUSXX,3.67
2026-07-31,VMFXX,3.62
2026-07-31,VMSXX,2.35
2026-07-31,VUSXX,3.68
2026-08-03,VMFXX,3.62
2026-08-03,VMSXX,2.28
2026-08-03,VUSXX,3.68
2026-08-04,VMFXX,3.62
2026-08-04,VMSXX,2.22
2026-08-04,VUSXX,3.68
2026-08-05,VMFXX,3.62
2026-08-05,VMSXX,2.13
2026-08-05,VUSXX,3.68
2026-08-06,VMFXX,3.62
2026-08-06,VMSXX,2.04
2026-08-06,VUSXX,3.68
2026-08-07,VMFXX,3.61
2026-08-07,VMSXX,1.76
2026-08-07,VUSXX,3.67
2026-08-10,VMFXX,3.61
2026-08-10,VMSXX,1.71
2026-08-10,VUSXX,3.67
2026-08-11,VMFXX,3.61
2026-08-11,VMSXX,1.68
2026-08-11,VUSXX,3.67
2026-08-12,VMFXX,3.61
2026-08-12,VMSXX,1.70
2026-08-12,VUSXX,3.67
2026-08-13,VMFXX,3.61
2026-08-13,VMSXX,1.83
2026-08-13,VUSXX,3.68
2026-08-14,VMFXX,3.61
2026-08-14,VMSXX,2.22
2026-08-14,VUSXX,3.68
2026-08-17,VMFXX,3.61
2026-08-17,VMSXX,2.32
2026-08-17,VUSXX,3.68
2026-08-18,VMFXX,3.61
2026-08-18,VMSXX,2.40
2026-08-18,VUSXX,3.68
2026-08-19,VMFXX,3.61
2026-08-19,VMSXX,2.45
2026-08-19,VUSXX,3.68
2026-08-20,VMFXX,3.61
2026-08-20,VMSXX,2.42
2026-08-20,VUSXX,3.68
2026-08-21,VMFXX,3.62
2026-08-21,VMSXX,2.32
2026-08-21,VUSXX,3.68
2026-08-24,VMFXX,3.62
2026-08-24,VMSXX,2.30
2026-08-24,VUSXX,3.68
2026-08-25,VMFXX,3.62
2026-08-25,VMSXX,2.28
2026-08-25,VUSXX,3.69
2026-08-26,VMFXX,3.62
2026-08-26,VMSXX,2.27
2026-08-26,VUSXX,3.69
2026-08-27,VMFXX,3.63
2026-08-27,VMSXX,2.27
2026-08-27,VUSXX,3.69
2026-08-28,VMFXX,3.63
2026-08-28,VMSXX,2.31
2026-08-28,VUSXX,3.69
2026-08-31,VMFXX,3.63
2026-08-31,VMSXX,2.34
2026-08-31,VUSXX,3.69
2026-09-01,VMFXX,3.63
2026-09-01,VMSXX,2.32
2026-09-01,VUSXX,3.69
2026-09-02,VMFXX,3.63
2026-09-02,VMSXX,2.28
2026-09-02,VUSXX,3.69
2026-09-03,VMFXX,3.63
2026-09-03,VMSXX,2.20
2026-09-03,VUSXX,3.69
2026-09-04,VMFXX,3.63
2026-09-04,VMSXX,1.97
2026-09-04,VUSXX,3.70
2026-09-08,VMFXX,3.64
2026-09-08,VMSXX,1.94
2026-09-08,VUSXX,3.70
2026-09-09,VMFXX,3.63
2026-09-09,VMSXX,1.95
2026-09-09,VUSXX,3.70
2026-09-10,VMFXX,3.63
2026-09-10,VMSXX,2.07
2026-09-10,VUSXX,3.70
2026-09-11,VMFXX,3.63
2026-09-11,VMSXX,2.39
2026-09-11,VUSXX,3.71
2026-09-14,VMFXX,3.63
2026-09-14,VMSXX,2.49
2026-09-14,VUSXX,3.71
2026-09-15,VMFXX,3.63
2026-09-15,VMSXX,2.61
2026-09-15,VUSXX,3.71
2026-09-16,VMFXX,3.63
2026-09-16,VMSXX,2.71
2026-09-16,VUSXX,3.72
2026-09-17,VMFXX,3.64
2026-09-17,VMSXX,2.78
2026-09-17,VUSXX,3.72
2026-09-18,VMFXX,3.70
2026-09-18,VMSXX,2.98
2026-09-18,VUSXX,3.74
2026-09-21,VMFXX,3.71
2026-09-21,VMSXX,3.04
2026-09-21,VUSXX,3.75
2026-09-22,VMFXX,3.73
2026-09-22,VMSXX,3.10
2026-09-22,VUSXX,3.76
2026-09-23,VMFXX,3.74
2026-09-23,VMSXX,3.15
2026-09-23,VUSXX,3.76
2026-09-24,VMFXX,3.76
2026-09-24,VMSXX,3.16
2026-09-24,VUSXX,3.76
2026-09-25,VMFXX,3.77
2026-09-25,VMSXX,3.20
2026-09-25,VUSXX,3.78
2026-09-28,TTTXX,3.72
2026-09-28,VMFXX,3.78
2026-09-28,VMSXX,3.22
2026-09-28,VUSXX,3.78
2026-09-29,TTTXX,3.73
